First Name,Last Name,Title,Email,Corporate Phone,LinkedIn URL,Business Name,State,Country,Website,Vertical,Source,"Source Detail (the specific campaign, form, or calendar link tag)",Company Linkedin Url,Facebook Url,Twitter Url
Mohamad,Arfan,Head of CC Marketing Saudi Arabia,mohamad.arfan@pmi.com,+420 266 702 111,http://www.linkedin.com/in/mohamad-arfan-b7148948,Philip Morris International,,Saudi Arabia,https://pmi.com,Nicotine,Apollo,,http://www.linkedin.com/company/insidepmi,https://www.facebook.com/insidePMI/,https://twitter.com/insidePMI
Natalia,Todorova,Head of Brand Marketing & Content,natalia.todorova@pmi.com,+420 266 702 111,http://www.linkedin.com/in/natalia-todorova-983046b9,Philip Morris International,Sofia City Province,Bulgaria,https://pmi.com,Nicotine,Apollo,,http://www.linkedin.com/company/insidepmi,https://www.facebook.com/insidePMI/,https://twitter.com/insidePMI
Diana,Ritchie,Founder/CEO,dianaritchie1@gmail.com,+1 866-446-4830,http://www.linkedin.com/in/diana-ritchie-a9396766,"Ignite International, Ltd.",Nevada,United States,https://ignite.co,Nicotine,Apollo,,http://www.linkedin.com/company/igniteintl,https://facebook.com/igniteinternationalbrandsltd/,https://twitter.com/ignitecco
Isabella,Tech,Online Marketing Specialist,isabella@soonerdistributors.com,+1 918-621-1003,http://www.linkedin.com/in/isabella-tech-241898256,Sooner Distributors,New York,United States,https://soonerdistributors.com,Nicotine,Apollo,,http://www.linkedin.com/company/sooner-distributors-inc,,
Phoebe,Wang,Chief Executive Officer,phoebe@zapjuice.co.uk,,http://www.linkedin.com/in/phoebe-wang-049739182,ZAP! Juice,,United Kingdom,https://zapjuice.co.uk,Nicotine,Apollo,,http://www.linkedin.com/company/zap-juice,,
Katy,Baker,Marketing,katy.baker@impbrands.com,+44 117 963 6636,http://www.linkedin.com/in/katymbaker,Imperial Brands PLC,England,United Kingdom,https://imperialbrandsplc.com,Nicotine,Apollo,,http://www.linkedin.com/company/imperial-brands-plc,http://www.facebook.com/blupeapp,http://www.twitter.com/MrBlupe
Christelle,Hart,Founder/Director,christellehart@nictel.co.uk,+44 1744 454940,http://www.linkedin.com/in/christelle-hart-19704499,Nictel (UK) Limited,England,United Kingdom,https://nictel.co.uk,Nicotine,Apollo,,http://www.linkedin.com/company/nictel-uk-limited,,
Philip,Pace,Managing Director & Founder,philip.pace@liyfe.eu,,http://www.linkedin.com/in/philip-pace-7098258,LIYFE,,Malta,https://liyfe.eu,Nicotine,Apollo,,http://www.linkedin.com/company/liyfe,,
David,Wilson,Founder,david@nordicpouch.com,,http://www.linkedin.com/in/david-wilson-133928264,Nordic Express,Vaestra Goetaland County,Sweden,https://nordicpouch.com,Nicotine,Apollo,,http://www.linkedin.com/company/nordicpouch,https://www.facebook.com/Nordicpouch/,
Valeria,Sirghi,Marketing Investment Executive,valeria_sirghi@bat.com,+44 20 7845 1000,http://www.linkedin.com/in/valeria-sirghi,BAT,Bucharest,Romania,https://bat.com,Nicotine,Apollo,,http://www.linkedin.com/company/british-american-tobacco,https://facebook.com/batcareers,https://twitter.com/batplc
Donald,Iliazi,Chief Business Officer,donald.iliazi@evapify.com,,http://www.linkedin.com/in/donald-iliazi-132968144,Evapify Group,Tirana County,Albania,https://evapify.com,Nicotine,Apollo,,http://www.linkedin.com/company/evapify-group,,
Javier,Perales,Director Marketing & Digital,javier.perales@pmi.com,+420 266 702 111,http://www.linkedin.com/in/javier-perales-mba-8917838,Philip Morris International,Community of Madrid,Spain,https://pmi.com,Nicotine,Apollo,,http://www.linkedin.com/company/insidepmi,https://www.facebook.com/insidePMI/,https://twitter.com/insidePMI
Azhar,Zainal,Chief Marketing Officer,azhar@nastyworldwide.com,+60 6-441 8351,http://www.linkedin.com/in/azhar-zainal-%f0%9f%87%b2%f0%9f%87%be-a8b25599,NASTY Worldwide,Federal Territory of Kuala Lumpur,Malaysia,https://nastyworldwide.com,Nicotine,Apollo,,http://www.linkedin.com/company/nasty-worldwide,,https://twitter.com/NastyWorldwide
Adrian,Chiaramonte,CEO,adrian@greensmartliving.com,+1 801-747-9734,http://www.linkedin.com/in/adrianchiaramonte,GreenSmartLiving / Geo,Utah,United States,https://greensmartliving.com,Nicotine,Apollo,,http://www.linkedin.com/company/greensmartliving,https://facebook.com/greensmartlivinginc,https://twitter.com/GreenSmartEcigs
Michaela,Burke,Senior Commercial Marketing Lead,mcroninn@kenvue.com,+1 908-874-1200,http://www.linkedin.com/in/michaelacroninneilan,Kenvue,County Dublin,Ireland,https://kenvue.com,Nicotine,Apollo,,http://www.linkedin.com/company/kenvue,https://facebook.com/Kenvue,https://twitter.com/kenvue
Asir,Nes,CEO,asirnes@vapepro.eu,+359 700 707 03,http://www.linkedin.com/in/asir-nes-4b760a272,Vapepro,Flanders,Belgium,https://vapepro.eu,Nicotine,Apollo,,http://www.linkedin.com/company/vapeprobg,https://www.facebook.com/vapeproofficial/,
Sebastian,Oviedo Bonilla,On Premise Marketing,sebastian_gonzalo_oviedo@bat.com,+44 20 7845 1000,http://www.linkedin.com/in/sebastian-oviedo-bonilla,BAT,,Peru,https://bat.com,Nicotine,Apollo,,http://www.linkedin.com/company/british-american-tobacco,https://facebook.com/batcareers,https://twitter.com/batplc
Erik,Hoegfeldt,Founder / CCO,erik@noat.com,,http://www.linkedin.com/in/erik-h%c3%b6gfeldt-207b1414,NOAT,New York,United States,https://noat.com,Nicotine,Apollo,,http://www.linkedin.com/company/noat,,https://twitter.com/TakeNoat
Ashley,Bock,Marketing Director Americas,a.bock@air.global,,http://www.linkedin.com/in/ashley-bock-bb5ab929,AIR (Advanced Inhalation Rituals),North Carolina,United States,https://air.global,Nicotine,Apollo,,http://www.linkedin.com/company/air-advanced-inhalation-rituals,,
Daniele,Buduo,Digital Marketing Executive,daniele_di_buduo1@bat.com,+44 20 7845 1000,http://www.linkedin.com/in/daniele-di-buduo-a13506139,BAT,Lazio,Italy,https://bat.com,Nicotine,Apollo,,http://www.linkedin.com/company/british-american-tobacco,https://facebook.com/batcareers,https://twitter.com/batplc
Michelle,Wise,Director Brand Marketing,browdem@rjrt.com,+1 336-741-2000,http://www.linkedin.com/in/michelle-wise-9a276b5,Reynolds American Inc.,North Carolina,United States,https://reynoldsamerican.com,Nicotine,Apollo,,http://www.linkedin.com/company/reynoldsamericaninc,,
Mounia,Injirahi,Marketing Supervisor Combustible Category - Morocco & Libya,mounia.injirahi@pmi.com,+420 266 702 111,http://www.linkedin.com/in/mounia-injirahi-3b5809ab,Philip Morris International,Casablanca-Settat,Morocco,https://pmi.com,Nicotine,Apollo,,http://www.linkedin.com/company/insidepmi,https://www.facebook.com/insidePMI/,https://twitter.com/insidePMI
Sam,Roh,Brand Marketing Designer,sam.roh@pmi.com,+420 266 702 111,http://www.linkedin.com/in/sam-jiyun-roh-568a127a,Philip Morris International,,South Korea,https://pmi.com,Nicotine,Apollo,,http://www.linkedin.com/company/insidepmi,https://www.facebook.com/insidePMI/,https://twitter.com/insidePMI
Lucas,Castronuovo,Marketing Project Lead,lucas.castronuovo@pmi.com,+420 266 702 111,http://www.linkedin.com/in/lucascastronuovo,Philip Morris International,Autonomous City of Buenos Aires,Argentina,https://pmi.com,Nicotine,Apollo,,http://www.linkedin.com/company/insidepmi,https://www.facebook.com/insidePMI/,https://twitter.com/insidePMI
Alexa,Sanchez Suazo Sanchez,Becario de Comunicaciones de Marketing,alexa.sanchez@contracted.pmi.com,+420 266 702 111,http://www.linkedin.com/in/alexa-fernanda-s%c3%a1nchez-suazo-s%c3%a1nchez-218a6b314,Philip Morris International,Estado de Mexico,Mexico,https://pmi.com,Nicotine,Apollo,,http://www.linkedin.com/company/insidepmi,https://www.facebook.com/insidePMI/,https://twitter.com/insidePMI
Lena,Oh,IQOS Brand Marketing,lena.oh@pmi.com,+420 266 702 111,http://www.linkedin.com/in/lena-oh,Philip Morris International,Massachusetts,United States,https://pmi.com,Nicotine,Apollo,,http://www.linkedin.com/company/insidepmi,https://www.facebook.com/insidePMI/,https://twitter.com/insidePMI
Miguel,Guttentag,"CEO, Founder",miguel@cbd-test.ch,+41 56 631 03 70,http://www.linkedin.com/in/dr-miguel-guttentag-a0b4a8152,CBD-Test.ch,Aargau,Switzerland,https://cbd-test.ch,Nicotine,Apollo,,http://www.linkedin.com/company/cbd-test-ch,,
Hermin,Thind,Chief Executive Officer,hermin@vapormaven.com,,http://www.linkedin.com/in/hermin-thind-1695b279,Vapor Maven,Arkansas,United States,https://vapormaven.com,Nicotine,Apollo,,http://www.linkedin.com/company/vapor-maven,https://www.facebook.com/vapormaven,https://twitter.com/vapormaven
Shubham,Anand,Marketing Executive,shubham.anand@jbpharma.com,+91 22243 95200,http://www.linkedin.com/in/shubham-anand-916254240,JB,Uttar Pradesh,India,https://jbpharma.com,Nicotine,Apollo,,http://www.linkedin.com/company/jbpharma,https://www.facebook.com/OneJBglobal,https://twitter.com/OneJBglobal
Masood,Hansrod,Founder and Managing Director,mh@myvapery.ae,+44 20 4610 0803,http://www.linkedin.com/in/masood-hansrod-4427b936,My Vapery,England,United Kingdom,https://myvapery.com,Nicotine,Apollo,,http://www.linkedin.com/company/my-vapery,,
Sam,Salaymeh,President and Chief Executive Officer,sam@amvholdings.com,+1 704-624-8551,http://www.linkedin.com/in/salaymeh,AMV Holdings,North Carolina,United States,https://amvholdings.com,Nicotine,Apollo,,http://www.linkedin.com/company/amv-holdings,,
Allyne,Magnoli,Senior Marketing Director,amagno01@kenvue.com,+1 908-874-1200,http://www.linkedin.com/in/allynemagnoli,Kenvue,State of Sao Paulo,Brazil,https://kenvue.com,Nicotine,Apollo,,http://www.linkedin.com/company/kenvue,https://facebook.com/Kenvue,https://twitter.com/kenvue
Jose,Cabrera,Executive Vice President & CMO - Americas Region,jose.cabrera@uk.imptob.com,+44 117 963 6636,http://www.linkedin.com/in/jose-antonio-cabrera,Imperial Brands PLC,North Carolina,United States,https://imperialbrandsplc.com,Nicotine,Apollo,,http://www.linkedin.com/company/imperial-brands-plc,http://www.facebook.com/blupeapp,http://www.twitter.com/MrBlupe
Kavinda,Nanayakkara,Deputy CEO,kavinda_nanayakkara@bat.com,+44 20 7845 1000,http://www.linkedin.com/in/kavinda-nanayakkara-45108843,BAT,Western Province,Sri Lanka,https://bat.com,Nicotine,Apollo,,http://www.linkedin.com/company/british-american-tobacco,https://facebook.com/batcareers,https://twitter.com/batplc
Vincent,Chai,Head of Digital Marketing,vincent_chai@bat.com,+44 20 7845 1000,http://www.linkedin.com/in/vincent-chai-38795958,BAT,England,United Kingdom,https://bat.com,Nicotine,Apollo,,http://www.linkedin.com/company/british-american-tobacco,https://facebook.com/batcareers,https://twitter.com/batplc
Dhiraj,Dhonge,Marketing Executive,dhiraj.dhonge@jbpharma.com,+91 22243 95200,http://www.linkedin.com/in/dhiraj-dhonge-bba898204,JB,Maharashtra,India,https://jbpharma.com,Nicotine,Apollo,,http://www.linkedin.com/company/jbpharma,https://www.facebook.com/OneJBglobal,https://twitter.com/OneJBglobal
Samy,Hamdouche,Co-Founder,samy@lucy.co,+1 833-582-9642,http://www.linkedin.com/in/samy-hamdouche-6aa24738,Lucy,,United States,https://lucy.co,Nicotine,Apollo,,http://www.linkedin.com/company/lucy-goods,https://facebook.com/lucynicotine,https://twitter.com/lucynicotine
Mohammed,Bux,Founder,mohammed@juicenpower.com,+44 177 230 5000,http://www.linkedin.com/in/mohammed-bux-643212142,Juice N Power,England,United Kingdom,https://juicenpower.com,Nicotine,Apollo,,http://www.linkedin.com/company/juice-n-power,https://www.facebook.com/juicenpower/,https://twitter.com/juicenpower
Ravi,Batra,Marketing Lead,ravi@fertin.com,,http://www.linkedin.com/in/ravibatraisb,Aspeya,Karnataka,India,https://aspeya.com,Nicotine,Apollo,,http://www.linkedin.com/company/aspeya,,
George,Kolodner,Founder and Medical Director,gkolodner@tripletrack.com,+1 888-222-0673,http://www.linkedin.com/in/george-kolodner,Triple Track Treatment,District of Columbia,United States,https://tripletrack.com,Nicotine,Apollo,,http://www.linkedin.com/company/triple-track-treatment,https://www.facebook.com/profile.php,
Terry,Daly,"Senior Counsel, AI-Powered Marketing",terry_daly@bat.com,+44 20 7845 1000,http://www.linkedin.com/in/terry-daly-a6603023,BAT,England,United Kingdom,https://bat.com,Nicotine,Apollo,,http://www.linkedin.com/company/british-american-tobacco,https://facebook.com/batcareers,https://twitter.com/batplc
Petra,Rutsek,IDT Marketing Executive,petra_klemova@bat.com,+44 20 7845 1000,http://www.linkedin.com/in/rutsek-petra,BAT,Bratislava Region,Slovakia,https://bat.com,Nicotine,Apollo,,http://www.linkedin.com/company/british-american-tobacco,https://facebook.com/batcareers,https://twitter.com/batplc
Diego,Lazo Canepa,Marketing Supervisor,diego_julio_lazo@bat.com,+44 20 7845 1000,http://www.linkedin.com/in/diego-lazo-c%c3%a1nepa-b022675a,BAT,,Peru,https://bat.com,Nicotine,Apollo,,http://www.linkedin.com/company/british-american-tobacco,https://facebook.com/batcareers,https://twitter.com/batplc
Melissa,Chow,Digital Marketing,melissa_shih_ling_chow@bat.com,+44 20 7845 1000,http://www.linkedin.com/in/melissa-chow,BAT,,Malaysia,https://bat.com,Nicotine,Apollo,,http://www.linkedin.com/company/british-american-tobacco,https://facebook.com/batcareers,https://twitter.com/batplc
Majeed,Taher,Marketing Project Coordinator,majeed@samsvape.com,,http://www.linkedin.com/in/majeed-taher-89b4b8275,Samsvape,Capital Governorate,Bahrain,https://samsvape.com,Nicotine,Apollo,,http://www.linkedin.com/company/samsvape,,
Laurent,Laferriere,Co-Founder & CEO,laurent@ditchlabs.com,,http://www.linkedin.com/in/laurent-laferriere-12a76a382,Ditch Labs,Quebec,Canada,https://ditchlabs.com,Nicotine,Apollo,,http://www.linkedin.com/company/ditchlabs,https://facebook.com/ditchlabs,https://twitter.com/ditchlabs
Arthur,Medioni,Global Head of Data & Analytics - Marketing,arthur_el_medioni@bat.com,+44 20 7845 1000,http://www.linkedin.com/in/arthur-medioni,BAT,,United Kingdom,https://bat.com,Nicotine,Apollo,,http://www.linkedin.com/company/british-american-tobacco,https://facebook.com/batcareers,https://twitter.com/batplc
Mabelle,Zgheib,Brand Marketing Executive,mabelle.zgheib@pmi.com,+420 266 702 111,http://www.linkedin.com/in/mabelle-zgheib-37442293,Philip Morris International,Dubai,United Arab Emirates,https://pmi.com,Nicotine,Apollo,,http://www.linkedin.com/company/insidepmi,https://www.facebook.com/insidePMI/,https://twitter.com/insidePMI
HL,Tsang,Portfolio & Product Management (Brand/Marketing),hl@pmi.com,+420 266 702 111,http://www.linkedin.com/in/h-l-tsang-71844162,Philip Morris International,,Hong Kong,https://pmi.com,Nicotine,Apollo,,http://www.linkedin.com/company/insidepmi,https://www.facebook.com/insidePMI/,https://twitter.com/insidePMI
Nikolaos,Michalopoulos,Digital Project Lead Customer Relationship Management | Marketing Cloud | Business & System Data,nikolaos.michalopoulos1@pmi.com,+420 266 702 111,http://www.linkedin.com/in/nikolaos-michalopoulos-420b7961,Philip Morris International,,Greece,https://pmi.com,Nicotine,Apollo,,http://www.linkedin.com/company/insidepmi,https://www.facebook.com/insidePMI/,https://twitter.com/insidePMI
Marla,Mata Duran,Marketing Executive,marla.mata@pmi.com,+420 266 702 111,http://www.linkedin.com/in/marla-mata-duran-291b1113b,Philip Morris International,Chihuahua,Mexico,https://pmi.com,Nicotine,Apollo,,http://www.linkedin.com/company/insidepmi,https://www.facebook.com/insidePMI/,https://twitter.com/insidePMI
Sevcan,Ucer,"CMO, Combustible and Smoke Free Products Turkey&Turkish Cyprus",sevcan.ucer@pmi.com,+420 266 702 111,http://www.linkedin.com/in/sevcan-ucer-82b70014,Philip Morris International,Istanbul,Turkey,https://pmi.com,Nicotine,Apollo,,http://www.linkedin.com/company/insidepmi,https://www.facebook.com/insidePMI/,https://twitter.com/insidePMI
Mindaugas,Trumpaitis,"President, Combustibles Category & Global Combustibles Marketing",mindaugas.trumpaitis@pmi.com,+420 266 702 111,http://www.linkedin.com/in/mindaugas-trumpaitis-1796712,Philip Morris International,Vaud,Switzerland,https://pmi.com,Nicotine,Apollo,,http://www.linkedin.com/company/insidepmi,https://www.facebook.com/insidePMI/,https://twitter.com/insidePMI
Jan,Paukner,E-commerce Specialist | Digital Marketing Executive,jan.paukner@pmi.com,+420 266 702 111,http://www.linkedin.com/in/jan-paukner-a61001136,Philip Morris International,Hlavni mesto Praha,Czech Republic,https://pmi.com,Nicotine,Apollo,,http://www.linkedin.com/company/insidepmi,https://www.facebook.com/insidePMI/,https://twitter.com/insidePMI
Jacek,Olczak,CEO,jacek.olczak@pmi.com,+420 266 702 111,http://www.linkedin.com/in/jacekolczak,Philip Morris International,Vaud,Switzerland,https://pmi.com,Nicotine,Apollo,,http://www.linkedin.com/company/insidepmi,https://www.facebook.com/insidePMI/,https://twitter.com/insidePMI
Pamela,Stephens,Strategic Marketing Leader,pamela.stephens@juul.com,+1 415-829-2336,http://www.linkedin.com/in/pamelagstephens,Juul Labs,North Carolina,United States,https://juullabs.com,Nicotine,Apollo,,http://www.linkedin.com/company/juul-labs,,https://twitter.com/juulvapor
Jonathan,Garcia,"Brand Marketing, Neutrogena® | Makeup",jgarc017@kenvue.com,+1 908-874-1200,http://www.linkedin.com/in/garciajonathan96,Kenvue,New York,United States,https://kenvue.com,Nicotine,Apollo,,http://www.linkedin.com/company/kenvue,https://facebook.com/Kenvue,https://twitter.com/kenvue
Ajay,Yadav,Digital Marketing Executive,ajay@handbwholesale.co.uk,+44 757 241 9393,http://www.linkedin.com/in/ajay-yadav-8307021b1,H & B ENTERPRISE LTD,Maharashtra,India,https://handbwholesale.co.uk,Nicotine,Apollo,,http://www.linkedin.com/company/h-&-b-enterprise-ltd,,
Hannah,Salazar,Marketing &amp; Advertising,hsalaz01@kenvue.com,+1 908-874-1200,http://www.linkedin.com/in/hannah-salazar-giraldo,Kenvue,Valle del Cauca,Colombia,https://kenvue.com,Nicotine,Apollo,,http://www.linkedin.com/company/kenvue,https://facebook.com/Kenvue,https://twitter.com/kenvue
Samantha,Bogorowski,Global Marketing Director,sbogorow@kenvue.com,+1 908-874-1200,http://www.linkedin.com/in/sambogorowski,Kenvue,,United States,https://kenvue.com,Nicotine,Apollo,,http://www.linkedin.com/company/kenvue,https://facebook.com/Kenvue,https://twitter.com/kenvue
Marek,Svorcik,Co-founder,marek@adamsvape.cz,+420 734 885 899,http://www.linkedin.com/in/svorcikmarek,Adam's Vape s.r.o.,Olomouc Region,Czechia,https://adamsvape.cz,Nicotine,Apollo,,http://www.linkedin.com/company/adamsvape,,
Aliyan,Razzaq,Global Marketing Data Analyst,aliyan_razzaq@bat.com,+44 20 7845 1000,http://www.linkedin.com/in/aliyan-razzaq,BAT,Masovian Voivodeship,Poland,https://bat.com,Nicotine,Apollo,,http://www.linkedin.com/company/british-american-tobacco,https://facebook.com/batcareers,https://twitter.com/batplc
Andrey,Subbotin,"Founder, Director",andrey.subbotin@ritchy.com,,http://www.linkedin.com/in/andrey-subbotin-368b7065,Ritchy Group,Hlavni mesto Praha,Czech Republic,https://ritchy.com,Nicotine,Apollo,,http://www.linkedin.com/company/ritchy-group-ltd-,https://facebook.com/goRitchy,https://twitter.com/ritchy_com
Brian,Wong,Chief Executive Officer,brian.w@vapesbyenushi.com,+1 905-470-8273,http://www.linkedin.com/in/brianwongphotography,Vapes By Enushi,,Canada,https://vapesbyenushi.com,Nicotine,Apollo,,http://www.linkedin.com/company/vapes-by-enushi,http://www.facebook.com/VapesByEnushi,https://twitter.com/VapesByEnushi
Samira,Golestani-Huet,Global Marketing Director Nicorette,rgolesta@kenvue.com,+1 908-874-1200,http://www.linkedin.com/in/rsgh,Kenvue,Zurich,Switzerland,https://kenvue.com,Nicotine,Apollo,,http://www.linkedin.com/company/kenvue,https://facebook.com/Kenvue,https://twitter.com/kenvue
Ivan,Atanackovic,Chief Marketing Officer,ivan.atanackovic@ekocigarete.rs,,http://www.linkedin.com/in/ivan-atanackovi%c4%87-204144360,Umbrella Corporation LTD,,Serbia,https://umbrellashop.rs,Nicotine,Apollo,,http://www.linkedin.com/company/umbrella-corporation-ltd-,,
Caroline,Bauer,CEO,caroline.bauer@flavour-power.fr,+33 4 70 56 57 68,http://www.linkedin.com/in/caroline-vicat-bauer-9b137864,SAS CBP DISTRI,Auvergne-Rhone-Alpes,France,https://flavour-power.com,Nicotine,Apollo,,http://www.linkedin.com/company/cbp-distri,https://www.facebook.com/flavourpower,
Enio,Martins,Representante de Marketing,enio_martins@bat.com,+44 20 7845 1000,http://www.linkedin.com/in/enio-gabriel-ribeiro-martins-1a3b04139,BAT,State of Goias,Brazil,https://bat.com,Nicotine,Apollo,,http://www.linkedin.com/company/british-american-tobacco,https://facebook.com/batcareers,https://twitter.com/batplc
Piotr,Bialkowski,CEO Poland,piotr@evapify.com,,http://www.linkedin.com/in/piotr-bia%c5%82kowski-b3853359,Evapify Group,Masovian Voivodeship,Poland,https://evapify.com,Nicotine,Apollo,,http://www.linkedin.com/company/evapify-group,,
Will,Hsu,Chief Executive Officer,will@sugarcali.com,,http://www.linkedin.com/in/creme-team,SUGAR™,California,United States,https://sugarcali.com,Nicotine,Apollo,,http://www.linkedin.com/company/sugarcanna,http://www.facebook.com/sugarcanna,https://twitter.com/sugarcanna
Aude,Brunel,Head of Brand Marketing | Ex Unilever,aude_brunel@bat.com,+44 20 7845 1000,http://www.linkedin.com/in/aude-grenier-brunel-36975716,BAT,England,United Kingdom,https://bat.com,Nicotine,Apollo,,http://www.linkedin.com/company/british-american-tobacco,https://facebook.com/batcareers,https://twitter.com/batplc
Luciano,Comin,Group Marketing Director,luciano_comin@bat.com,+44 20 7845 1000,http://www.linkedin.com/in/luciano-comin-3a223b5,BAT,England,United Kingdom,https://bat.com,Nicotine,Apollo,,http://www.linkedin.com/company/british-american-tobacco,https://facebook.com/batcareers,https://twitter.com/batplc
Tom,Vandervennet,Head of Cross Category Portfolio Marketing Americas Europe,tom_vandervennet@bat.com,+44 20 7845 1000,http://www.linkedin.com/in/tom-vandervennet-1413041,BAT,England,United Kingdom,https://bat.com,Nicotine,Apollo,,http://www.linkedin.com/company/british-american-tobacco,https://facebook.com/batcareers,https://twitter.com/batplc
Rahul,Tak,Global Enterprise Strategy Lead - Marketing,rahul_tak@bat.com,+44 20 7845 1000,http://www.linkedin.com/in/rahultak1,BAT,England,United Kingdom,https://bat.com,Nicotine,Apollo,,http://www.linkedin.com/company/british-american-tobacco,https://facebook.com/batcareers,https://twitter.com/batplc
Crosthwaite,,"Chairman & CEO at Juul Labs, Inc.",kc@juul.com,+1 415-829-2336,http://www.linkedin.com/in/kccrosthwaite,Juul Labs,District of Columbia,United States,https://juullabs.com,Nicotine,Apollo,,http://www.linkedin.com/company/juul-labs,,https://twitter.com/juulvapor
Pooja,Venugopal,Brand Marketing,pooja.venugopal@pmi.com,+420 266 702 111,http://www.linkedin.com/in/pooja-venugopal-132b32b3,Philip Morris International,Dubai,United Arab Emirates,https://pmi.com,Nicotine,Apollo,,http://www.linkedin.com/company/insidepmi,https://www.facebook.com/insidePMI/,https://twitter.com/insidePMI
Rio,Kuniyuki,Marketing Brand Executive,rio.kuniyuki@pmi.com,+420 266 702 111,http://www.linkedin.com/in/rio-kuniyuki-784138178,Philip Morris International,,Japan,https://pmi.com,Nicotine,Apollo,,http://www.linkedin.com/company/insidepmi,https://www.facebook.com/insidePMI/,https://twitter.com/insidePMI
Amanda,Lazo Morera,Marketing Content Coordinator,amanda.morera@pmi.com,+420 266 702 111,http://www.linkedin.com/in/amanda-lazo-85241426b,Philip Morris International,Heredia Province,Costa Rica,https://pmi.com,Nicotine,Apollo,,http://www.linkedin.com/company/insidepmi,https://www.facebook.com/insidePMI/,https://twitter.com/insidePMI
Raymond,Cheung,Marketing Director China/ Hong Kong/ Macau Cluster,raymond.cheung@pmi.com,+420 266 702 111,http://www.linkedin.com/in/raymond-cheung-462a995,Philip Morris International,,Hong Kong,https://pmi.com,Nicotine,Apollo,,http://www.linkedin.com/company/insidepmi,https://www.facebook.com/insidePMI/,https://twitter.com/insidePMI
Veselin,Dimitrov,Founder,veselin@vapepro.eu,+359 700 707 03,http://www.linkedin.com/in/veselin-dimitrov-1b250125,Vapepro,,Bulgaria,https://vapepro.eu,Nicotine,Apollo,,http://www.linkedin.com/company/vapeprobg,https://www.facebook.com/vapeproofficial/,
Uzair,Qazi,"Head of Consumer Experience and TM&D - Asia Pacific, Middle East & Africa Region",uzair_qazi1@bat.com,+44 20 7845 1000,http://www.linkedin.com/in/uzairqazi,BAT,Islamabad Capital Territory,Pakistan,https://bat.com,Nicotine,Apollo,,http://www.linkedin.com/company/british-american-tobacco,https://facebook.com/batcareers,https://twitter.com/batplc
Edna,Mohale,Head of Marketing SSA,emaphi01@kenvue.com,+1 908-874-1200,http://www.linkedin.com/in/edna-mohale,Kenvue,Western Cape,South Africa,https://kenvue.com,Nicotine,Apollo,,http://www.linkedin.com/company/kenvue,https://facebook.com/Kenvue,https://twitter.com/kenvue
Takeshi,Narita,Marketing,takeshi_narita@bat.com,+44 20 7845 1000,http://www.linkedin.com/in/takeshi-narita-8b3131329,BAT,Tokyo,Japan,https://bat.com,Nicotine,Apollo,,http://www.linkedin.com/company/british-american-tobacco,https://facebook.com/batcareers,https://twitter.com/batplc
Michal,Vesely,CEO,vesely@izyvape.eu,+421 917 574 640,http://www.linkedin.com/in/michal-vesely-93b932175,IZY VAPE CE s.r.o.,Trencin Region,Slovakia,https://izyvape.eu,Nicotine,Apollo,,http://www.linkedin.com/company/izy-vape-ce-s-r-o,https://www.facebook.com/izyvape.czsk/,
Darrell,Stanley,CEO,darrell@vapella.com,,http://www.linkedin.com/in/darrell-stanley,VAPELLA LTD,England,United Kingdom,https://vapella.com,Nicotine,Apollo,,http://www.linkedin.com/company/vapella-ltd,https://www.facebook.com/vapella.brand,https://twitter.com/Your_vape
Junho,Kim,Marketing Director,jkim01@kenvue.com,+1 908-874-1200,http://www.linkedin.com/in/junho-kim-7994655b,Kenvue,,South Korea,https://kenvue.com,Nicotine,Apollo,,http://www.linkedin.com/company/kenvue,https://facebook.com/Kenvue,https://twitter.com/kenvue
Fred,Cassman,CEO,fred@misteliquid.co.uk,+44 127 368 1138,http://www.linkedin.com/in/fred-c-480b7410b,MIST Electronic Cigarettes,England,United Kingdom,https://misteliquid.co.uk,Nicotine,Apollo,,http://www.linkedin.com/company/mist-electronic-cigarettes-limited,https://facebook.com/misteliquid,https://twitter.com/misteliquid
Adriano,Esposito,Chief CEO,adriano@vapeitalia.it,+39 071 730 8027,http://www.linkedin.com/in/adriano-esposito-191872207,Vapeitalia,Marche,Italy,https://vapeitalia.it,Nicotine,Apollo,,http://www.linkedin.com/company/vapeitalia,,
Gianluca,Giorgetti,CEO,gianluca@vaporart.it,+39 02 780231,http://www.linkedin.com/in/gianluca-giorgetti-b877381b9,Vaporart Srl,Lombardy,Italy,https://vaporart.it,Nicotine,Apollo,,http://www.linkedin.com/company/vaporart-srl,,
Patrik,Zajac,Senior Marketing Specialist,patrik_zajac@bat.com,+44 20 7845 1000,http://www.linkedin.com/in/patrik-zajac-602680284,BAT,Trencin Region,Slovakia,https://bat.com,Nicotine,Apollo,,http://www.linkedin.com/company/british-american-tobacco,https://facebook.com/batcareers,https://twitter.com/batplc
Josh,Israel,Co-Founder & CEO,josh@havahealth.com,+1 609-933-4660,http://www.linkedin.com/in/joshisrael,Hale Therapeutics,Pennsylvania,United States,https://tryhale.com,Nicotine,Apollo,,http://www.linkedin.com/company/haletherapeutics,,
Patrick,Beltran,Chief Executive Officer | Co-Founder,patrick@puffbar.com,+1 866-783-3227,http://www.linkedin.com/in/patrick-beltran,Puff Bar,California,United States,https://puffbar.com,Nicotine,Apollo,,http://www.linkedin.com/company/puff-bar-careers,,https://twitter.com/officialpuffbar
Britta,Ehlert,Senior Marketing Leader,behlert@kenvue.com,+1 908-874-1200,http://www.linkedin.com/in/britta-ehlert,Kenvue,North Rhine-Westphalia,Germany,https://kenvue.com,Nicotine,Apollo,,http://www.linkedin.com/company/kenvue,https://facebook.com/Kenvue,https://twitter.com/kenvue
Alexander,Haeggqvist,Co-Founder & CEO,alex@noat.com,,http://www.linkedin.com/in/alexander-haeggqvist,NOAT,New York,United States,https://noat.com,Nicotine,Apollo,,http://www.linkedin.com/company/noat,,https://twitter.com/TakeNoat
Steve,Finkle,Digital and Marketing,steve.finkle@rbhinc.ca,+420 266 702 111,http://www.linkedin.com/in/steve-finkle-14b09436,Philip Morris International,Ontario,Canada,https://pmi.com,Nicotine,Apollo,,http://www.linkedin.com/company/insidepmi,https://www.facebook.com/insidePMI/,https://twitter.com/insidePMI
Libby,Clifford,Brand Marketing Specialist,libby.clifford@pmi.com,+420 266 702 111,http://www.linkedin.com/in/libby-clifford-0610261a3,Philip Morris International,,United Kingdom,https://pmi.com,Nicotine,Apollo,,http://www.linkedin.com/company/insidepmi,https://www.facebook.com/insidePMI/,https://twitter.com/insidePMI
Anubha,Shukla,Global Head - Multi-Category Strategy and Marketing,anubha.shukla@pmi.com,+420 266 702 111,http://www.linkedin.com/in/anubhashuklamalia,Philip Morris International,Vaud,Switzerland,https://pmi.com,Nicotine,Apollo,,http://www.linkedin.com/company/insidepmi,https://www.facebook.com/insidePMI/,https://twitter.com/insidePMI
Andre,Dahan,Vice President Marketing RRP,andre.dahan@pmi.com,+420 266 702 111,http://www.linkedin.com/in/andre-dahan-18b68693,Philip Morris International,Vaud,Switzerland,https://pmi.com,Nicotine,Apollo,,http://www.linkedin.com/company/insidepmi,https://www.facebook.com/insidePMI/,https://twitter.com/insidePMI
Daniel,Shapiro,Founder & CEO,daniel@inhalehealth.com,+1 310-279-9042,http://www.linkedin.com/in/danielfwshapiro,Inhale Health,California,United States,https://inhalehealth.com,Nicotine,Apollo,,http://www.linkedin.com/company/inhale-health,,
Hana,Adham,Marketing & Execution Lead,hadham@kenvue.com,+1 908-874-1200,http://www.linkedin.com/in/hana-adham-9b162a86,Kenvue,,Egypt,https://kenvue.com,Nicotine,Apollo,,http://www.linkedin.com/company/kenvue,https://facebook.com/Kenvue,https://twitter.com/kenvue
Andrew,Zeck,"CTO, Founder",andrew@saucey.com,+1 650-433-5800,http://www.linkedin.com/in/andrewzeck,Saucey,Washington,United States,https://saucey.com,Nicotine,Apollo,,http://www.linkedin.com/company/saucey,http://facebook.com/SauceyApp,http://twitter.com/SauceyApp
Victor,Lindsley,"Vice President, Brand Marketing",vlindsley@lortobco.com,,http://www.linkedin.com/in/victor-lindsley-a413372b,Lorillard Tobacco Company,North Carolina,United States,https://lorillard.com,Nicotine,Apollo,,http://www.linkedin.com/company/lorillard-tobacco-company,,
Jorge,Gueil,Group Chief Marketing Officer,jorge@air.global,,http://www.linkedin.com/in/jorge-g%c3%bcil-0159178,AIR (Advanced Inhalation Rituals),Dubai,United Arab Emirates,https://air.global,Nicotine,Apollo,,http://www.linkedin.com/company/air-advanced-inhalation-rituals,,
Mara,Avila Camacho,Marketing Executive,mavilaca@kenvue.com,+1 908-874-1200,http://www.linkedin.com/in/mara-gabriela-avila-camacho-216a72220,Kenvue,Federal District,Mexico,https://kenvue.com,Nicotine,Apollo,,http://www.linkedin.com/company/kenvue,https://facebook.com/Kenvue,https://twitter.com/kenvue
Berivan,Yavuz,Digital Marketing Executive,berivan_yavuz@bat.com,+44 20 7845 1000,http://www.linkedin.com/in/berivan-yavuz-163aaa95,BAT,Capital Region of Denmark,Denmark,https://bat.com,Nicotine,Apollo,,http://www.linkedin.com/company/british-american-tobacco,https://facebook.com/batcareers,https://twitter.com/batplc
Cezary,Wytych,Co Founder,cezary@gobears.pl,,http://www.linkedin.com/in/wytych,Go Bears,Greater Poland Voivodeship,Poland,https://gobears.pl,Nicotine,Apollo,,http://www.linkedin.com/company/go-bears-smoke-free,http://facebook.com/premixeliquids,
Imran,Ismail,Founder and CEO,imran@doozyvapeco.com,+44 1924 525150,http://www.linkedin.com/in/imran-ismail-52653a102,Doozy Vape Co,England,United Kingdom,https://doozyvapeco.com,Nicotine,Apollo,,http://www.linkedin.com/company/doozy-vape-co,,
Elena,Sopadzhieva,Director Global Brand Marketing HnB Ecosystem 2,elenaboyanova.sopadzhieva@pmi.com,+420 266 702 111,http://www.linkedin.com/in/elena-sopadzhieva-7815ba3,Philip Morris International,Vaud,Switzerland,https://pmi.com,Nicotine,Apollo,,http://www.linkedin.com/company/insidepmi,https://www.facebook.com/insidePMI/,https://twitter.com/insidePMI
James,Ratcliffe,FMCG Marketing Lead,jratcli3@kenvue.com,+1 908-874-1200,http://www.linkedin.com/in/ratcliffejames,Kenvue,England,United Kingdom,https://kenvue.com,Nicotine,Apollo,,http://www.linkedin.com/company/kenvue,https://facebook.com/Kenvue,https://twitter.com/kenvue
Jason,Chu,Global Head of Marketing Transformation,jason_chu@bat.com,+44 20 7845 1000,http://www.linkedin.com/in/jason-chu-8a18ba141,BAT,,United Kingdom,https://bat.com,Nicotine,Apollo,,http://www.linkedin.com/company/british-american-tobacco,https://facebook.com/batcareers,https://twitter.com/batplc
Christy,Canary-Garner,Senior Vice President Marketing,canaryc@rjrt.com,+1 336-741-2000,http://www.linkedin.com/in/christy-canary-garner-b0ba4a4,Reynolds American Inc.,North Carolina,United States,https://reynoldsamerican.com,Nicotine,Apollo,,http://www.linkedin.com/company/reynoldsamericaninc,,
Catarina,Pardal,Head of Marketing & Digital,catarina.pardal@pmi.com,+420 266 702 111,http://www.linkedin.com/in/catarinapardal,Philip Morris International,Lisbon,Portugal,https://pmi.com,Nicotine,Apollo,,http://www.linkedin.com/company/insidepmi,https://www.facebook.com/insidePMI/,https://twitter.com/insidePMI
Prasenjit,Gupta,Head of Marketing & Digital Analytics,prasenjit.duttagupta@pmi.com,+420 266 702 111,http://www.linkedin.com/in/prasendg,Philip Morris International,Vaud,Switzerland,https://pmi.com,Nicotine,Apollo,,http://www.linkedin.com/company/insidepmi,https://www.facebook.com/insidePMI/,https://twitter.com/insidePMI
Douglas,Teitelbaum,Chairman of The Board & CEO,douglas@njoy.com,+1 833-275-6569,http://www.linkedin.com/in/douglas-teitelbaum-56273555,NJOY,Florida,United States,https://njoy.com,Nicotine,Apollo,,http://www.linkedin.com/company/njoy-electronic-cigarettes,,
Aleksandra,Lipinska,Digital Marketing Specialist,aleksandra.lipinska@pmi.com,+420 266 702 111,http://www.linkedin.com/in/aleksandra-lipi%c5%84ska-51b548254,Philip Morris International,Masovian Voivodeship,Poland,https://pmi.com,Nicotine,Apollo,,http://www.linkedin.com/company/insidepmi,https://www.facebook.com/insidePMI/,https://twitter.com/insidePMI
Martin,Wensley,Chief Executive Officer,martin@airjatech.com,+1 415-377-3866,http://www.linkedin.com/in/martin-wensley-b3b94b65,"Airja, Inc.",California,United States,https://airjatech.com,Nicotine,Apollo,,http://www.linkedin.com/company/airja-inc,,
Ciprian,Martin,Marketing Analyst,ciprian_martin@bat.com,+44 20 7845 1000,http://www.linkedin.com/in/ciprian-martin-b2223219a,BAT,Sibiu,Romania,https://bat.com,Nicotine,Apollo,,http://www.linkedin.com/company/british-american-tobacco,https://facebook.com/batcareers,https://twitter.com/batplc
PK,Banks,Co-Founder,pkbanks@getpop.co,+1 949-333-2371,http://www.linkedin.com/in/pkbanks,GetPop,Florida,United States,https://getpop.co,Nicotine,Apollo,,http://www.linkedin.com/company/getpop,,
Justin,Raney,Chief Executive Officer,jraney@imageworksdisplay.com,+1 800-704-3660,http://www.linkedin.com/in/justin-raney-115ba71,ImageWorks Display,North Carolina,United States,https://imageworksdisplay.com,Nicotine,Apollo,,http://www.linkedin.com/company/imageworks-display-&-marketing,https://facebook.com/pages/Image-Works-Display-Mrktng/1655878684682274,https://twitter.com/iwdisplay
Larissa,Higa,Marketing Analyst,lhiga2@kenvue.com,+1 908-874-1200,http://www.linkedin.com/in/larissa-mariotti-higa,Kenvue,State of Sao Paulo,Brazil,https://kenvue.com,Nicotine,Apollo,,http://www.linkedin.com/company/kenvue,https://facebook.com/Kenvue,https://twitter.com/kenvue
Emily,Huang,Marketing Directer,thuang28@kenvue.com,+1 908-874-1200,http://www.linkedin.com/in/emily-huang-86a74b21,Kenvue,,Hong Kong,https://kenvue.com,Nicotine,Apollo,,http://www.linkedin.com/company/kenvue,https://facebook.com/Kenvue,https://twitter.com/kenvue
Ashvin,Khera,"Brand Marketing, Smoke-Free Products",ashvin.khera@pmi.com,+420 266 702 111,http://www.linkedin.com/in/ashvinkhera,Philip Morris International,Federal Territory of Kuala Lumpur,Malaysia,https://pmi.com,Nicotine,Apollo,,http://www.linkedin.com/company/insidepmi,https://www.facebook.com/insidePMI/,https://twitter.com/insidePMI
Tobias,Wikman,CEO,tobias@pouchdaddy.com,+46 723 87 38 59,http://www.linkedin.com/in/tobias-wikman-332249184,PouchDaddy,Vaestmanland County,Sweden,https://pouchdaddy.com,Nicotine,Apollo,,http://www.linkedin.com/company/pouchdaddy,,
Greg,Conley,CEO,gc@myfuma.com,+1 888-229-1836,http://www.linkedin.com/in/greg-conley-39b042b,FUMA INTERNATIONAL LLC,Ohio,United States,https://myfuma.com,Nicotine,Apollo,,http://www.linkedin.com/company/fuma-international,https://www.facebook.com/fumacigs/,https://twitter.com/fumacigs
Jasa,Erzen,Marketing Investment Executive,jasa_erzen@bat.com,+44 20 7845 1000,http://www.linkedin.com/in/jasa-erzen-480a1a20b,BAT,Nuevo Leon,Mexico,https://bat.com,Nicotine,Apollo,,http://www.linkedin.com/company/british-american-tobacco,https://facebook.com/batcareers,https://twitter.com/batplc
Joe,Murillo,Chief Regulatory Advisor to the CEO,joe.murillo@juul.com,+1 415-829-2336,http://www.linkedin.com/in/joe-murillo-344825195,Juul Labs,Florida,United States,https://juullabs.com,Nicotine,Apollo,,http://www.linkedin.com/company/juul-labs,,https://twitter.com/juulvapor
Marianna,Vertzagia,Brand Marketing Executive,marianna.vertzagia@pmi.com,+420 266 702 111,http://www.linkedin.com/in/marianna-vertzagia-50b002173,Philip Morris International,,Greece,https://pmi.com,Nicotine,Apollo,,http://www.linkedin.com/company/insidepmi,https://www.facebook.com/insidePMI/,https://twitter.com/insidePMI
Michal,Kozlowski,Chief Executive Officer,michal.kozlowski@lunacorporate.com,+48 78 905 53 37,http://www.linkedin.com/in/micha%c5%82-koz%c5%82owski83,Luna Corporate,Greater Poland Voivodeship,Poland,https://lunacorporate.com,Nicotine,Apollo,,http://www.linkedin.com/company/luna-corporate,,
Ayoub,Elgouriani,Co-Founder,ayoubelgouriani@xvape.ma,+212 708-151191,http://www.linkedin.com/in/ayoub-elgouriani-719019141,XVAPE,Casablanca-Settat,Morocco,https://xvape.ma,Nicotine,Apollo,,http://www.linkedin.com/company/xvape-maroc,,
Steve,Brown,CMO,steve.brown@emplicure.com,+46 708 59 77 99,http://www.linkedin.com/in/stevebrown87,Emplicure,Stockholm County,Sweden,https://emplicure.com,Nicotine,Apollo,,http://www.linkedin.com/company/emplicure,,
Roy,Ren,CEO,r.ren@myvpro.com,+1 888-558-0891,http://www.linkedin.com/in/roy-ren-207a93187,My Vpro,Michigan,United States,https://myvpro.com,Nicotine,Apollo,,http://www.linkedin.com/company/my-vpro,https://www.facebook.com/MyVpro1,https://twitter.com/myvpro_official
Vassilis,Mastorakis,Global Marketing Director,mastorakis@karelia.gr,+30 27 2106 9213,http://www.linkedin.com/in/vassilis-mastorakis-08574628,"Karelia Tobacco Company, Inc.",,Greece,https://karelia.gr,Nicotine,Apollo,,http://www.linkedin.com/company/karelia-tobaco-company-inc.,,
Larissa,Freitas,Junior Marketing Analyst,lsouza04@kenvue.com,+1 908-874-1200,http://www.linkedin.com/in/larissa-freitas-a9066816a,Kenvue,Sao Paulo,Brazil,https://kenvue.com,Nicotine,Apollo,,http://www.linkedin.com/company/kenvue,https://facebook.com/Kenvue,https://twitter.com/kenvue
Markus,Berg,Co-Founder / Partner,mb@danishtrade.dk,+45 28 76 28 28,http://www.linkedin.com/in/markus-berg-93ab0980,Danish Trade ApS,Capital Region of Denmark,Denmark,https://danishtrade.dk,Nicotine,Apollo,,http://www.linkedin.com/company/danish-trade,,
Alessio,Attene,Copywriter Marketing,alessio@svapoebasta.com,+39 392 122 1228,http://www.linkedin.com/in/alessio-attene-copy,Svapoebasta,Piedmont,Italy,https://svapoebasta.com,Nicotine,Apollo,,http://www.linkedin.com/company/svapoebasta,https://www.facebook.com/svapoebasta/,
Maria,Gonzalez Murillo,Head of Marketing Latin America,mgonza05@kenvue.com,+1 908-874-1200,http://www.linkedin.com/in/maria-andrea-gonzalez-murillo,Kenvue,,Colombia,https://kenvue.com,Nicotine,Apollo,,http://www.linkedin.com/company/kenvue,https://facebook.com/Kenvue,https://twitter.com/kenvue
Diana,Petrovska,Marketing,d.petrovska@chemnovatic.com,+48 81 475 44 42,http://www.linkedin.com/in/diana-petrovska-469aa42b9,Chemnovatic,Lublin Voivodeship,Poland,https://chemnovatic.com,Nicotine,Apollo,,http://www.linkedin.com/company/chemnovatic,,
Javiera,Celery,OFF Premise Marketing,javiera_celery@bat.com,+44 20 7845 1000,http://www.linkedin.com/in/javiera-celery-84814b63,BAT,Santiago Metropolitan Region,Chile,https://bat.com,Nicotine,Apollo,,http://www.linkedin.com/company/british-american-tobacco,https://facebook.com/batcareers,https://twitter.com/batplc
Nemanja,Radonjic,Marketing Executive,nemanja_radonjic@bat.com,+44 20 7845 1000,http://www.linkedin.com/in/nemanja-radonjic-078919155,BAT,,Serbia,https://bat.com,Nicotine,Apollo,,http://www.linkedin.com/company/british-american-tobacco,https://facebook.com/batcareers,https://twitter.com/batplc
Markos,Markopoulos,Owner,mmarkopoulos@nobacco.gr,,http://www.linkedin.com/in/markos-markopoulos-b154b630,NOBACCO,,Greece,https://nobacco.gr,Nicotine,Apollo,,http://www.linkedin.com/company/nobacco,http://www.facebook.com/nobaccogr,https://twitter.com/Nobaccogreece
Mariano,Papuccio,Marketing Project Lead,mariano.papuccio@pmi.com,+420 266 702 111,http://www.linkedin.com/in/mariano-papuccio-4a851154,Philip Morris International,,Argentina,https://pmi.com,Nicotine,Apollo,,http://www.linkedin.com/company/insidepmi,https://www.facebook.com/insidePMI/,https://twitter.com/insidePMI
Ana,Torres Rojas,Analista de Servicios de Marketing,ana.torresrojas@pmi.com,+420 266 702 111,http://www.linkedin.com/in/ana-isabel-torres-rojas,Philip Morris International,Mexico City,Mexico,https://pmi.com,Nicotine,Apollo,,http://www.linkedin.com/company/insidepmi,https://www.facebook.com/insidePMI/,https://twitter.com/insidePMI
Carlos,Ramirez,Head of Integrated Marketing | DTC & Performance,carlos.ramirez1@pmi.com,+420 266 702 111,http://www.linkedin.com/in/carlosramirezmx,Philip Morris International,Federal District,Mexico,https://pmi.com,Nicotine,Apollo,,http://www.linkedin.com/company/insidepmi,https://www.facebook.com/insidePMI/,https://twitter.com/insidePMI
Mirar,Bristol,"VP, New Products, Co-Founder",mirar.bristol@juul.com,+1 415-829-2336,http://www.linkedin.com/in/mirar-bristol,Juul Labs,District of Columbia,United States,https://juullabs.com,Nicotine,Apollo,,http://www.linkedin.com/company/juul-labs,,https://twitter.com/juulvapor
Bernadette,Salama,RRP Portfolio Strategy & Marketing Services Supervisor,bernadette.salama@pmi.com,+420 266 702 111,http://www.linkedin.com/in/bernadette-salama-00427a148,Philip Morris International,Cairo Governorate,Egypt,https://pmi.com,Nicotine,Apollo,,http://www.linkedin.com/company/insidepmi,https://www.facebook.com/insidePMI/,https://twitter.com/insidePMI
Joseph,Pandolfino,Founder and Chief Executive Officer,jp@cabbacis.com,+1 716-253-6442,http://www.linkedin.com/in/joseph-pandolfino-76237736,Cabbacis,New York,United States,https://cabbacis.com,Nicotine,Apollo,,http://www.linkedin.com/company/cabbacis,,
Cristina,Rapcea,Digital Marketing Specialist,cristina.rapcea@letsyoop.com,+40 723 339 667,http://www.linkedin.com/in/cristina-rapcea-digital-marketing-specialist,Yoop,Bucharest,Romania,https://letsyoop.com,Nicotine,Apollo,,http://www.linkedin.com/company/yooprlx,https://www.facebook.com/LetsYoop,
Dan,Bitton,Founder,dan@levest.fr,+33 1 48 15 01 45,http://www.linkedin.com/in/dan-bitton26,LEVEST,Ile-de-France,France,https://levest.fr,Nicotine,Apollo,,http://www.linkedin.com/company/levestfr,https://www.facebook.com/levest.fr/,
Nijah,Dupiche,Marketing &amp; Innovation Leader,ndupiche@kenvue.com,+1 908-874-1200,http://www.linkedin.com/in/nijah-dupiche-11889775,Kenvue,New York,United States,https://kenvue.com,Nicotine,Apollo,,http://www.linkedin.com/company/kenvue,https://facebook.com/Kenvue,https://twitter.com/kenvue
Lucien,Mourey,Brand Marketing Executive,lucien_mourey@bat.com,+44 20 7845 1000,http://www.linkedin.com/in/lucien-mourey,BAT,Vaud,Switzerland,https://bat.com,Nicotine,Apollo,,http://www.linkedin.com/company/british-american-tobacco,https://facebook.com/batcareers,https://twitter.com/batplc
Lenka,Simonova,Digital Marketing Specialist,lenka_simonova@bat.com,+44 20 7845 1000,http://www.linkedin.com/in/lenka-%c5%a1imonov%c3%a1-980477175,BAT,Hlavni mesto Praha,Czech Republic,https://bat.com,Nicotine,Apollo,,http://www.linkedin.com/company/british-american-tobacco,https://facebook.com/batcareers,https://twitter.com/batplc
Mattia,Sparacino,Founder & CEO,mattia@kiwivapor.com,+39 0432 170 5800,http://www.linkedin.com/in/mattia-sparacino-37504936,KIWI Vapor,,Croatia,https://kiwivapor.com,Nicotine,Apollo,,http://www.linkedin.com/company/kiwivapor,https://www.facebook.com/kiwi.vapor/,https://twitter.com/ribilio
Hans,Van Eijk,Chief Marketing Officer,hans.stromblad@hayppgroup.com,+46 708 15 39 83,http://www.linkedin.com/in/hans-stromblad-van-eijk,Haypp Group,Stockholm County,Sweden,https://hayppgroup.com,Nicotine,Apollo,,http://www.linkedin.com/company/haypp-group,,https://twitter.com/HayppGroup
Dhananjay,Kushwaha,Marketing Executive,dhananjay.kushwaha@jbpharma.com,+91 22243 95200,http://www.linkedin.com/in/dhananjay-kushwaha-b09273170,JB,Maharashtra,India,https://jbpharma.com,Nicotine,Apollo,,http://www.linkedin.com/company/jbpharma,https://www.facebook.com/OneJBglobal,https://twitter.com/OneJBglobal
Martin,Bracha,Marketing Specialist,martin_bracha@bat.com,+44 20 7845 1000,http://www.linkedin.com/in/martin-br%c3%a1cha-477209174,BAT,Hlavni mesto Praha,Czech Republic,https://bat.com,Nicotine,Apollo,,http://www.linkedin.com/company/british-american-tobacco,https://facebook.com/batcareers,https://twitter.com/batplc
Arnaud,Cohen-Adad,Chief Executive Officer,arnaud@vapexpo-france.com,+33 1 64 86 52 97,http://www.linkedin.com/in/arnaudcohenadad,VAPEXPO,Ile-de-France,France,https://vapexpo-france.com,Nicotine,Apollo,,http://www.linkedin.com/company/vapexpo,https://www.facebook.com/vapexpofrance,https://twitter.com/vapexpo
Max,Juserius,Chief Marketing Officer,max@whitelip.com,+46 708 30 21 50,http://www.linkedin.com/in/max-juserius-3746a5181,Whitelip AB,Vaestra Goetaland County,Sweden,https://whitelip.com,Nicotine,Apollo,,http://www.linkedin.com/company/whitelip,,
Tatiana,Cortes,Head of Marketing Europe,t.cortes@air.global,,http://www.linkedin.com/in/tatianacorcar,AIR (Advanced Inhalation Rituals),Community of Madrid,Spain,https://air.global,Nicotine,Apollo,,http://www.linkedin.com/company/air-advanced-inhalation-rituals,,
Stacey,Kennedy,Chief Executive Officer,stacey.kennedy@smpmi.com,+1 202-480-1617,http://www.linkedin.com/in/stacey-kennedy-7626275,Philip Morris International U.S.,Connecticut,United States,https://uspmi.com,Nicotine,Apollo,,http://www.linkedin.com/company/pmius,,
Zain,Allos,Group Head of DBS Marketing,zain_allos@bat.com,+44 20 7845 1000,http://www.linkedin.com/in/zain-allos-860a59,BAT,England,United Kingdom,https://bat.com,Nicotine,Apollo,,http://www.linkedin.com/company/british-american-tobacco,https://facebook.com/batcareers,https://twitter.com/batplc
Kirill,Stashkov,"Senior Counsel, Marketing & Regulatory Counselling, Tobacco Heating Products & Combustibles",kirill_stashkov@bat.com,+44 20 7845 1000,http://www.linkedin.com/in/kirill-stashkov-a023261a,BAT,England,United Kingdom,https://bat.com,Nicotine,Apollo,,http://www.linkedin.com/company/british-american-tobacco,https://facebook.com/batcareers,https://twitter.com/batplc
Thynisha,Bascombe,Export Marketing Specialist,thynisha.bascombe@pmi.com,+420 266 702 111,http://www.linkedin.com/in/thynisha-bascombe-4910958a,Philip Morris International,Port of Spain,Trinidad and Tobago,https://pmi.com,Nicotine,Apollo,,http://www.linkedin.com/company/insidepmi,https://www.facebook.com/insidePMI/,https://twitter.com/insidePMI
Melih,Ulusan,Marketing Senior Specialist,melih.ulusan@pmi.com,+420 266 702 111,http://www.linkedin.com/in/melih-ulusan-a679504b,Philip Morris International,Istanbul,Turkey,https://pmi.com,Nicotine,Apollo,,http://www.linkedin.com/company/insidepmi,https://www.facebook.com/insidePMI/,https://twitter.com/insidePMI
Irene,Scoseria,Senior Director of Marketing,iscoseria@yahoo.com,+1 805-531-8888,http://www.linkedin.com/in/iscoseria,Kretek International,California,United States,https://kretek.com,Nicotine,Apollo,,http://www.linkedin.com/company/kretek-international,,
Marium,Waqar,"Head of Marketing, Malaysia",marium_waqar@bat.com,+44 20 7845 1000,http://www.linkedin.com/in/marium-waqar-1b098423,BAT,Federal Territory of Kuala Lumpur,Malaysia,https://bat.com,Nicotine,Apollo,,http://www.linkedin.com/company/british-american-tobacco,https://facebook.com/batcareers,https://twitter.com/batplc
Anita,Cheung,Growth Marketer,acheun14@kenvue.com,+1 908-874-1200,http://www.linkedin.com/in/anitacheung,Kenvue,New York,United States,https://kenvue.com,Nicotine,Apollo,,http://www.linkedin.com/company/kenvue,https://facebook.com/Kenvue,https://twitter.com/kenvue
Adam,Yousuf,Chief Executive Officer,adam@uniquedistribution.com,+44 73 4067 6909,http://www.linkedin.com/in/adam-yousuf-aca-a58126aa,UNIQUE WHOLESALE & DISTRIBUTION LIMITED,England,United Kingdom,https://uniquedistribution.com,Nicotine,Apollo,,http://www.linkedin.com/company/uniquedistribution,,
Simon,Salze,Coordinateur Marketing,ssalze@ocbdistribution.fr,+33 9 50 01 50 02,http://www.linkedin.com/in/simon-salze-541488165,So Good Eliquid,Occitanie,France,https://sogood-eliquid.fr,Nicotine,Apollo,,http://www.linkedin.com/company/so-good-eliquid,,
Mizuki,Tajiri,Marketing Project Coordinator,mizuki.tajiri@contracted.pmi.com,+420 266 702 111,http://www.linkedin.com/in/mizuki-tajiri,Philip Morris International,Tokyo,Japan,https://pmi.com,Nicotine,Apollo,,http://www.linkedin.com/company/insidepmi,https://www.facebook.com/insidePMI/,https://twitter.com/insidePMI
Lucie,Vojtova,Marketing Director,lucie.vojtova@impbrands.com,+44 117 963 6636,http://www.linkedin.com/in/lucievojtova,Imperial Brands PLC,Hlavni mesto Praha,Czech Republic,https://imperialbrandsplc.com,Nicotine,Apollo,,http://www.linkedin.com/company/imperial-brands-plc,http://www.facebook.com/blupeapp,http://www.twitter.com/MrBlupe
Ian,Hartley Fry,Marketing,ian_hartley@bat.com,+44 20 7845 1000,http://www.linkedin.com/in/ianhartleyfry,BAT,,Peru,https://bat.com,Nicotine,Apollo,,http://www.linkedin.com/company/british-american-tobacco,https://facebook.com/batcareers,https://twitter.com/batplc
Winni,Huang,Marketing Specialist,winni.huang@jwei.com,+86 519 8188 2200,http://www.linkedin.com/in/winni-huang-1619291bb,JWEI Group,Jiangsu,China,https://jwei.com,Nicotine,Apollo,,http://www.linkedin.com/company/jweigroup,,
Eduarda,Correa,Marketing Analyst,eduarda_bystronski_correa@bat.com,+44 20 7845 1000,http://www.linkedin.com/in/eduarda-bystronski-corr%c3%aaa,BAT,Rio Grande do Sul,Brazil,https://bat.com,Nicotine,Apollo,,http://www.linkedin.com/company/british-american-tobacco,https://facebook.com/batcareers,https://twitter.com/batplc
Mhidi,Al-Mhidi,CEO,mhidi@q8vapes.com,,http://www.linkedin.com/in/mhidi-al-mhidi-60760556,Q8 VAPES,Hawalli Governorate,Kuwait,https://q8vapes.com,Nicotine,Apollo,,http://www.linkedin.com/company/q8vapes,,
Mariya,Yoshiyama,Marketing,mariya_yoshiyama@bat.com,+44 20 7845 1000,http://www.linkedin.com/in/mariya-yoshiyama-10024a1a6,BAT,Tokyo,Japan,https://bat.com,Nicotine,Apollo,,http://www.linkedin.com/company/british-american-tobacco,https://facebook.com/batcareers,https://twitter.com/batplc
Louis,Mascioli,Marketing Executive,louis@ecirettewholesale.ie,+353 1 441 8469,http://www.linkedin.com/in/louis-m-98b669173,Ecirette Group,,Ireland,https://ecirettewholesale.ie,Nicotine,Apollo,,http://www.linkedin.com/company/ecirette-group,,
Benedict,Hartono,Founder & Director,benedict@vapexpress.id,,http://www.linkedin.com/in/benedicthartono,Vapexpress Group,West Java,Indonesia,https://vapexpress.id,Nicotine,Apollo,,http://www.linkedin.com/company/vapexpress-id,,
Haroon,Saleem,Head of Marketing- Central Asia Cluster,haroon_saleem@bat.com,+44 20 7845 1000,http://www.linkedin.com/in/haroon-saleem-7b642033,BAT,,Pakistan,https://bat.com,Nicotine,Apollo,,http://www.linkedin.com/company/british-american-tobacco,https://facebook.com/batcareers,https://twitter.com/batplc
Emmy,Olea,Director of Marketing and Business Development,emmy.olea@breathelhc.org,+1 800-929-5904,http://www.linkedin.com/in/emileolea,Breathe Life Healing Centers,California,United States,https://breathelifehealingcenters.com,Nicotine,Apollo,,http://www.linkedin.com/company/breathe-life-healing-centers,https://www.facebook.com/BreatheRehab/,
Carol,Diaz,Global Head of DBS Marketing Content,carol_diaz@bat.com,+44 20 7845 1000,http://www.linkedin.com/in/carol-diaz-7a45519,BAT,England,United Kingdom,https://bat.com,Nicotine,Apollo,,http://www.linkedin.com/company/british-american-tobacco,https://facebook.com/batcareers,https://twitter.com/batplc
Lorena,Cabus Oitaven,Head Brand Marketing & Content IQOS,lorena.oitaven@pmi.com,+420 266 702 111,http://www.linkedin.com/in/lorenaoitaven,Philip Morris International,Community of Madrid,Spain,https://pmi.com,Nicotine,Apollo,,http://www.linkedin.com/company/insidepmi,https://www.facebook.com/insidePMI/,https://twitter.com/insidePMI
Mariana,Lopes,Director of Brand Marketing,lopesm@rjrt.com,+1 336-741-2000,http://www.linkedin.com/in/mariana-torres-lopes-2290b23a,Reynolds American Inc.,North Carolina,United States,https://reynoldsamerican.com,Nicotine,Apollo,,http://www.linkedin.com/company/reynoldsamericaninc,,
Jessy,Meng,Portfolio Marketing Lead,jessy.meng@pmi.com,+420 266 702 111,http://www.linkedin.com/in/jessy-meng-b654827a,Philip Morris International,Tokyo,Japan,https://pmi.com,Nicotine,Apollo,,http://www.linkedin.com/company/insidepmi,https://www.facebook.com/insidePMI/,https://twitter.com/insidePMI
Veronika,Vasileva,Marketing Process Owner,veronika.vasileva@contracted.pmi.com,+420 266 702 111,http://www.linkedin.com/in/veronika-vasileva-4a593029,Philip Morris International,Sofia City Province,Bulgaria,https://pmi.com,Nicotine,Apollo,,http://www.linkedin.com/company/insidepmi,https://www.facebook.com/insidePMI/,https://twitter.com/insidePMI
Thorsten,Scheib,Marketing Direktor Deutschland,thorsten.scheib@pmi.com,+420 266 702 111,http://www.linkedin.com/in/thorsten-scheib-20b88015b,Philip Morris International,Bavaria,Germany,https://pmi.com,Nicotine,Apollo,,http://www.linkedin.com/company/insidepmi,https://www.facebook.com/insidePMI/,https://twitter.com/insidePMI
Chaerin,Yoo,Brand Marketing and Content Executive,chaerin.yoo@pmi.com,+420 266 702 111,http://www.linkedin.com/in/chaerin,Philip Morris International,Massachusetts,United States,https://pmi.com,Nicotine,Apollo,,http://www.linkedin.com/company/insidepmi,https://www.facebook.com/insidePMI/,https://twitter.com/insidePMI
Erolcan,Bilginer,Marketing Lead,erolcan.bilginer@pmi.com,+420 266 702 111,http://www.linkedin.com/in/erolcan-bilginer-3746362b5,Philip Morris International,Izmir,Turkey,https://pmi.com,Nicotine,Apollo,,http://www.linkedin.com/company/insidepmi,https://www.facebook.com/insidePMI/,https://twitter.com/insidePMI
Yash,Kapoor,Marketing Regulations Executive,yash_kapoor@bat.com,+44 20 7845 1000,http://www.linkedin.com/in/yash-kapoor-706308199,BAT,Tokyo,Japan,https://bat.com,Nicotine,Apollo,,http://www.linkedin.com/company/british-american-tobacco,https://facebook.com/batcareers,https://twitter.com/batplc
Cem,Ozguven,Founder & Managing Director,cem@tobaccoinsider.com,,http://www.linkedin.com/in/ozguven,Tobacco Insider,Vaud,Switzerland,https://tobaccoinsider.com,Nicotine,Apollo,,http://www.linkedin.com/company/tobacco-insider,,
Anand,Ashok,CEO,anand@zanoprima.com,,http://www.linkedin.com/in/anand-ashok-64316b3b,Zanoprima Lifesciences,England,United Kingdom,https://zanoprima.com,Nicotine,Apollo,,http://www.linkedin.com/company/zanoprima,,
Ivana,Tremac,Head of Marketing Cro/Ser/Mne/Slo & Board Member,ivana_miljan_tremac@bat.com,+44 20 7845 1000,http://www.linkedin.com/in/imt-2017,BAT,,Croatia,https://bat.com,Nicotine,Apollo,,http://www.linkedin.com/company/british-american-tobacco,https://facebook.com/batcareers,https://twitter.com/batplc
Emre,Er,Marketing: Business Insights Executive,emre_er@bat.com,+44 20 7845 1000,http://www.linkedin.com/in/emre-er-28ba31127,BAT,,United Kingdom,https://bat.com,Nicotine,Apollo,,http://www.linkedin.com/company/british-american-tobacco,https://facebook.com/batcareers,https://twitter.com/batplc
Dawid,Urban,"Founder, Owner",dawid.urban@lunacorporate.com,+48 78 905 53 37,http://www.linkedin.com/in/dawidurban,Luna Corporate,Lodz Voivodeship,Poland,https://lunacorporate.com,Nicotine,Apollo,,http://www.linkedin.com/company/luna-corporate,,
Esther,O'Reilly,"Senior Marketing Director EMEA - Baby Care, Women's Health and Digestive Health",eoreilly@kenvue.com,+1 908-874-1200,http://www.linkedin.com/in/esther-o-reilly-9227654a,Kenvue,Canton of Zug,Switzerland,https://kenvue.com,Nicotine,Apollo,,http://www.linkedin.com/company/kenvue,https://facebook.com/Kenvue,https://twitter.com/kenvue
Max,Nosenko,Head of CC Marketing,maximys777@yahoo.com,+420 266 702 111,http://www.linkedin.com/in/maxnosenko,Philip Morris International,,Ukraine,https://pmi.com,Nicotine,Apollo,,http://www.linkedin.com/company/insidepmi,https://www.facebook.com/insidePMI/,https://twitter.com/insidePMI
Maria,Julia Centeno,"Marketing Director Argentina, Bolivia, Chile, Paraguay & Uruguay",julia.centeno@gmail.com,+420 266 702 111,http://www.linkedin.com/in/juliacenteno,Philip Morris International,Autonomous City of Buenos Aires,Argentina,https://pmi.com,Nicotine,Apollo,,http://www.linkedin.com/company/insidepmi,https://www.facebook.com/insidePMI/,https://twitter.com/insidePMI
Beatriz,Cunha,Brand Marketing Executive,beatriz.cunha@pmi.com,+420 266 702 111,http://www.linkedin.com/in/beatrizafonsoecunha,Philip Morris International,Lisbon,Portugal,https://pmi.com,Nicotine,Apollo,,http://www.linkedin.com/company/insidepmi,https://www.facebook.com/insidePMI/,https://twitter.com/insidePMI
Vanessa,Hadchity,Brand Marketing Executive,vanessa.hadchity@pmi.com,+420 266 702 111,http://www.linkedin.com/in/vanessa-hadchity-2557b3163,Philip Morris International,Beirut Governorate,Lebanon,https://pmi.com,Nicotine,Apollo,,http://www.linkedin.com/company/insidepmi,https://www.facebook.com/insidePMI/,https://twitter.com/insidePMI
Summer,Todd,Director of Brand Marketing - Camel,todds2@rjrt.com,+1 336-741-2000,http://www.linkedin.com/in/summer-todd-mba-76256341,Reynolds American Inc.,,United States,https://reynoldsamerican.com,Nicotine,Apollo,,http://www.linkedin.com/company/reynoldsamericaninc,,
Giovanna,Manfredi,Sr Marketing Analyst,gmanfr01@kenvue.com,+1 908-874-1200,http://www.linkedin.com/in/giovanna-manfredi,Kenvue,State of Sao Paulo,Brazil,https://kenvue.com,Nicotine,Apollo,,http://www.linkedin.com/company/kenvue,https://facebook.com/Kenvue,https://twitter.com/kenvue
Andrea,Manfredi,Global Head of Data & Analytics - Growth Marketing,andrea_manfredi@bat.com,+44 20 7845 1000,http://www.linkedin.com/in/andrea-manfredi87,BAT,Lombardy,Italy,https://bat.com,Nicotine,Apollo,,http://www.linkedin.com/company/british-american-tobacco,https://facebook.com/batcareers,https://twitter.com/batplc
Julia,Kyara,Analista de TI - Marketing Latam,jvonga01@kenvue.com,+1 908-874-1200,http://www.linkedin.com/in/juliakyara,Kenvue,Sao Paulo,Brazil,https://kenvue.com,Nicotine,Apollo,,http://www.linkedin.com/company/kenvue,https://facebook.com/Kenvue,https://twitter.com/kenvue
Jan,Muecke,Hauptgeschäftsführer,j.muecke@bvte.de,+49 30 8866360,http://www.linkedin.com/in/jan-m%c3%bccke-9a2446338,BVTE - Bundesverband der Tabakwirtschaft und neuartiger Erzeugnisse e.V.,Berlin,Germany,https://bvte.de,Nicotine,Apollo,,http://www.linkedin.com/company/bvte,https://www.facebook.com/BVTE.Berlin,https://twitter.com/bvte_berlin
Kimmo,Jaakonsaari,"Managing Director, co Founder",kimmo@tigersnus.com,,http://www.linkedin.com/in/kimmo-jaakonsaari-18380248,TIGERSNUS,,Finland,https://tigersnus.com,Nicotine,Apollo,,http://www.linkedin.com/company/tigersnus,,
Susanna,Koponell,Co-Founder,susanna@premiumpouchglobal.com,+358 40 1783361,http://www.linkedin.com/in/susanna-koponell-a5b451201,Premium Pouch Global,Uusimaa,Finland,https://premiumpouchglobal.com,Nicotine,Apollo,,http://www.linkedin.com/company/premium-pouch-global,,
Anne-Marie,Farley,"Director of Marketing, Strategy, Communications",annemarie.farley@integratedhealth21.com,+1 800-451-6889,http://www.linkedin.com/in/anne-marie-farley-4b5b0514,Integrated Health 21,Ohio,United States,https://integratedhealth21.com,Nicotine,Apollo,,http://www.linkedin.com/company/integrated-health-21,https://www.facebook.com/IntegratedHealth21,https://twitter.com/ihealth21
Philip,Morris,Chief Executive Officer,philip.morris@pmusa.com,,http://www.linkedin.com/in/philip-morris-8922b1201,Philip Morris USA,,United States,https://philipmorrisusa.com,Nicotine,Apollo,,http://www.linkedin.com/company/philip-morris-usa,,https://twitter.com/altrianews
Kaish,Joseph,Marketing Executive,kaish@ecigwizard.com,+44 345 305 2585,http://www.linkedin.com/in/kaish-joseph-64b8b629a,Ecigwizard,England,United Kingdom,https://ecigwizard.com,Nicotine,Apollo,,http://www.linkedin.com/company/electronic-cigarettes-ltd,https://facebook.com/eCigWizard,https://twitter.com/ecigwizard
Bevis,Fang,CEO,bevis@hopovapor.com,+86 755 8670 2654,http://www.linkedin.com/in/bevis-fang-0b7232127,HOPO VAPOR,Guangdong,China,https://hopovapor.com,Nicotine,Apollo,,http://www.linkedin.com/company/hopovapor,,
Lukasz,Zagorski,"Business Builder, Co-Founder",lukasz.zagorski@pmi.com,+420 266 702 111,http://www.linkedin.com/in/lmzagorski,Philip Morris International,Masovian Voivodeship,Poland,https://pmi.com,Nicotine,Apollo,,http://www.linkedin.com/company/insidepmi,https://www.facebook.com/insidePMI/,https://twitter.com/insidePMI
Michelle,Lo,APAC Head of Marketing Analytics,mlo7@kenvue.com,+1 908-874-1200,http://www.linkedin.com/in/michelle-lo-100,Kenvue,,Singapore,https://kenvue.com,Nicotine,Apollo,,http://www.linkedin.com/company/kenvue,https://facebook.com/Kenvue,https://twitter.com/kenvue
Valentine,Fernandes,Formatrice Marketing Digital & Chargée D’acquisition,v.fernandes@solutionsboutiques.fr,+33 4 92 12 58 99,http://www.linkedin.com/in/valentine-tapia-fernandes,SOFTYS - SOLUTIONS BOUTIQUES,Provence-Alpes-Cote d'Azur,France,https://solutionsboutiques.fr,Nicotine,Apollo,,http://www.linkedin.com/company/solutions-boutiques---softys,https://www.facebook.com/SoftysSolutionsBoutiques,https://twitter.com/solutionsboutik
Mattias,Josander,Chief Executive Officer,mattias.josander@emplicure.com,+46 708 59 77 99,http://www.linkedin.com/in/mattiasjosander,Emplicure,Stockholm County,Sweden,https://emplicure.com,Nicotine,Apollo,,http://www.linkedin.com/company/emplicure,,
Nazerke,Dolanbayeva,Marketing Services Sr Executive,nazerke.dolanbayeva@pmi.com,+420 266 702 111,http://www.linkedin.com/in/nazerke-dolanbayeva-8623aa171,Philip Morris International,Almaty Province,Kazakhstan,https://pmi.com,Nicotine,Apollo,,http://www.linkedin.com/company/insidepmi,https://www.facebook.com/insidePMI/,https://twitter.com/insidePMI
Jesper,Krabbe,CEO,krabbe@houseofpouches.com,+45 70 30 03 40,http://www.linkedin.com/in/jesper-krabbe-a523a984,House Of Pouches,North Denmark Region,Denmark,https://houseofpouches.com,Nicotine,Apollo,,http://www.linkedin.com/company/house-of-pouches,,
Warren,Pleass,Founding Director,warren@vapeking.co.za,,http://www.linkedin.com/in/warren-pleass,Vape King,Gauteng,South Africa,https://vapeking.com.au,Nicotine,Apollo,,http://www.linkedin.com/company/vape-king,https://facebook.com/VapeKingOz,https://twitter.com/Vape_King
Graham,Wong,VP Marketing,gwong@cttpharmaceuticals.com,+1 813-606-0060,http://www.linkedin.com/in/graham-wong-03a7429a,CTT Pharmaceuticals,Ontario,Canada,https://cttpharmaceuticals.com,Nicotine,Apollo,,http://www.linkedin.com/company/ctt-pharmaceuticals,https://facebook.com/pages/CTT-Pharmaceuticals/603981013033235,https://twitter.com/CTTPharma
Steve,Milin,"Founder, President & Board Chairman",steve@vapor4life.com,+1 847-944-8200,http://www.linkedin.com/in/stevemilin,"Vapor4Life, Inc",Illinois,United States,https://vapor4life.com,Nicotine,Apollo,,http://www.linkedin.com/company/vapor4life,https://facebook.com/Vapor4Life-Chicago-Vape-Shop-226410867690049/,https://twitter.com/Vapor4Life
Vitor,Souza,Head of Brand Marketing - Latam South,vitor_souza@bat.com,+44 20 7845 1000,http://www.linkedin.com/in/vitor-souza-b5137ba,BAT,State of Rio de Janeiro,Brazil,https://bat.com,Nicotine,Apollo,,http://www.linkedin.com/company/british-american-tobacco,https://facebook.com/batcareers,https://twitter.com/batplc
Rocio,Estrada,Head of Marketing Effectiveness and Capabilities,rocio.estrada@impbrands.com,+44 117 963 6636,http://www.linkedin.com/in/restradaruiz,Imperial Brands PLC,Hamburg,Germany,https://imperialbrandsplc.com,Nicotine,Apollo,,http://www.linkedin.com/company/imperial-brands-plc,http://www.facebook.com/blupeapp,http://www.twitter.com/MrBlupe
Supriya,Rao,Marketing,srao011@kenvue.com,+1 908-874-1200,http://www.linkedin.com/in/supriya-rao-b7755819,Kenvue,New York,United States,https://kenvue.com,Nicotine,Apollo,,http://www.linkedin.com/company/kenvue,https://facebook.com/Kenvue,https://twitter.com/kenvue
Lukas,Paravicini,Chief Executive Officer,lukas.paravicini@impbrands.com,+44 117 963 6636,http://www.linkedin.com/in/lukas-paravicini-9916317,Imperial Brands PLC,England,United Kingdom,https://imperialbrandsplc.com,Nicotine,Apollo,,http://www.linkedin.com/company/imperial-brands-plc,http://www.facebook.com/blupeapp,http://www.twitter.com/MrBlupe
Richard,Ivey,Global Marketing and OTC Lead - GBS,richard_michael_ivey@bat.com,+44 20 7845 1000,http://www.linkedin.com/in/richard-ivey-722ab38,BAT,,United Kingdom,https://bat.com,Nicotine,Apollo,,http://www.linkedin.com/company/british-american-tobacco,https://facebook.com/batcareers,https://twitter.com/batplc
Moon,Lee,Commercial & Marketing Counsel,moonjeelee@gmail.com,+44 20 7845 1000,http://www.linkedin.com/in/moonjeelee,BAT,Massachusetts,United States,https://bat.com,Nicotine,Apollo,,http://www.linkedin.com/company/british-american-tobacco,https://facebook.com/batcareers,https://twitter.com/batplc
Nicole,Bensaia,"Global Digital Content Coordinator, Brand Marketing and Digital Communications",nicole_bensaia@bat.com,+44 20 7845 1000,http://www.linkedin.com/in/nicole-bensaia-8940a3170,BAT,England,United Kingdom,https://bat.com,Nicotine,Apollo,,http://www.linkedin.com/company/british-american-tobacco,https://facebook.com/batcareers,https://twitter.com/batplc
Jennifer,Marchione,Director of Brand Marketing,poindej1@rjrt.com,+1 336-741-2000,http://www.linkedin.com/in/jennifer-marchione-1277b91,Reynolds American Inc.,North Carolina,United States,https://reynoldsamerican.com,Nicotine,Apollo,,http://www.linkedin.com/company/reynoldsamericaninc,,
Ruxandra,Pasca,Global Head Marketing (Brand & CX) eVapor,ruxandra-teodora.pasca@pmi.com,+420 266 702 111,http://www.linkedin.com/in/ruxandrapasca,Philip Morris International,Vaud,Switzerland,https://pmi.com,Nicotine,Apollo,,http://www.linkedin.com/company/insidepmi,https://www.facebook.com/insidePMI/,https://twitter.com/insidePMI
Bruce,Gates,Chief Advisor to the CEO,bruce.gates@juul.com,+1 415-829-2336,http://www.linkedin.com/in/bruce-gates-965b72b2,Juul Labs,Montana,United States,https://juullabs.com,Nicotine,Apollo,,http://www.linkedin.com/company/juul-labs,,https://twitter.com/juulvapor
Anna,Darski,Head of Marketing / Nicotine Pouches / ZYN,anna.darski@pmi.com,+420 266 702 111,http://www.linkedin.com/in/anna-darski-692407b5,Philip Morris International,,Sweden,https://pmi.com,Nicotine,Apollo,,http://www.linkedin.com/company/insidepmi,https://www.facebook.com/insidePMI/,https://twitter.com/insidePMI
Stefania,Profitou,Marketing Executive,stefania.profitou@pmi.com,+420 266 702 111,http://www.linkedin.com/in/stefania-profitou-966816134,Philip Morris International,Nicosia,Cyprus,https://pmi.com,Nicotine,Apollo,,http://www.linkedin.com/company/insidepmi,https://www.facebook.com/insidePMI/,https://twitter.com/insidePMI
Rishi,Dhingra,EVP Marketing/ CMO US,rishi.dhingra@itgbrands.com,+1 866-328-2485,http://www.linkedin.com/in/rishi-dhingra-9247023,ITG Brands,Texas,United States,https://itgbrands.com,Nicotine,Apollo,,http://www.linkedin.com/company/itg-brands,,
Mikko,Nyrhinen,Chief Executive Officer,mikko@tuontiliike.fi,+358 20 7933014,http://www.linkedin.com/in/mikko-nyrhinen,Suomen Tuontiliike Oy,,Finland,https://tuontiliike.fi,Nicotine,Apollo,,http://www.linkedin.com/company/suomen-tuontiliike-oy,,
Florian,Pouquet,Agent Marketing et Communications,florian.pouquet@vdlv.fr,+33 5 56 10 16 16,http://www.linkedin.com/in/florian-pouquet-b1764740,VDLV,Nouvelle-Aquitaine,France,https://vdlv.fr,Nicotine,Apollo,,http://www.linkedin.com/company/vdlv,,https://twitter.com/VDLVofficiel
Diogo,Carvalho,Global Senior Executive| Marketing,diogo_carvalho@bat.com,+44 20 7845 1000,http://www.linkedin.com/in/diogo-c-40224642,BAT,State of Sao Paulo,Brazil,https://bat.com,Nicotine,Apollo,,http://www.linkedin.com/company/british-american-tobacco,https://facebook.com/batcareers,https://twitter.com/batplc
Fahrim,Shirinzade,Co-founder - CMO,fahrim@pouchdaddy.com,+46 723 87 38 59,http://www.linkedin.com/in/fahrim-shirinzade-5aa89886,PouchDaddy,Vaestmanland County,Sweden,https://pouchdaddy.com,Nicotine,Apollo,,http://www.linkedin.com/company/pouchdaddy,,
Khalid,Alharthi,Co-Founder,kalharthi@badaelcompany.com,,http://www.linkedin.com/in/khaled-alharthi,Badael Company,Riyadh Province,Saudi Arabia,https://badaelcompany.com,Nicotine,Apollo,,http://www.linkedin.com/company/badaelco,https://www.facebook.com/badaelco,https://twitter.com/badaelco
Desiree,Quinto,Global Marketing & Product Innovation,dquinto1@kenvue.com,+1 908-874-1200,http://www.linkedin.com/in/desireequinto,Kenvue,New York,United States,https://kenvue.com,Nicotine,Apollo,,http://www.linkedin.com/company/kenvue,https://facebook.com/Kenvue,https://twitter.com/kenvue
Braeden,Pauls,Chief Executive Officer,braeden@breathefum.com,+1 904-385-8205,http://www.linkedin.com/in/braeden-pauls-55712210a,Füm,Alberta,Canada,https://tryfum.com,Nicotine,Apollo,,http://www.linkedin.com/company/breathefum,https://facebook.com/BREATHEFUM/,
Ayushi,Khanna,Marketing Executive,ayushi@flawlessvapedistro.co.uk,+44 116 234 4820,http://www.linkedin.com/in/ayushi-khanna-852958128,Flawless UK Vape Distribution LTD,,India,https://flawlessvapedistro.co.uk,Nicotine,Apollo,,http://www.linkedin.com/company/flawless-uk-vape-distribution-ltd,https://www.facebook.com/Flawless-Vape-UK-Distro-2094938433906366/,https://twitter.com/UkFlawless
Marcus,Saxton,"Group Chief Executive Officer (CEO), Chair Ibvta, Board Trustee @ Blackburn Youth Zone",marcus.saxton@totallywicked-eliquid.co.uk,+44 1254 692244,http://www.linkedin.com/in/marcus-saxton-842b2114,Totally Wicked,England,United Kingdom,https://totallywicked-eliquid.co.uk,Nicotine,Apollo,,http://www.linkedin.com/company/totally-wicked,https://www.facebook.com/groups/totallywickeduk,https://twitter.com/TotallyWickedUK
Oskar,Klavebaeck,Co-Founder,oskar@nectr.energy,+1 866-938-5047,http://www.linkedin.com/in/klaveback,Nectr Energy Inc,Stockholm County,Sweden,https://nectr.energy,Nicotine,Apollo,,http://www.linkedin.com/company/nectr-energy,,
Alejandro,Escalera,Marketing Department Specialist,alejandro_escalera@bat.com,+44 20 7845 1000,http://www.linkedin.com/in/alejandro-escalera-490984254,BAT,Nuevo Leon,Mexico,https://bat.com,Nicotine,Apollo,,http://www.linkedin.com/company/british-american-tobacco,https://facebook.com/batcareers,https://twitter.com/batplc
Peilee,Lim,SAP Global Marketing and Supply Chain Design Authority,plim@bat.com,+44 20 7845 1000,http://www.linkedin.com/in/peilee-lim-2359856,BAT,New South Wales,Australia,https://bat.com,Nicotine,Apollo,,http://www.linkedin.com/company/british-american-tobacco,https://facebook.com/batcareers,https://twitter.com/batplc
Constanza,Galindez Lavalle,People & Culture Business Partner - Marketing y Comercial,constanza.galindez@pmi.com,+420 266 702 111,http://www.linkedin.com/in/constanza-galindez-lavalle-87148164,Philip Morris International,,Argentina,https://pmi.com,Nicotine,Apollo,,http://www.linkedin.com/company/insidepmi,https://www.facebook.com/insidePMI/,https://twitter.com/insidePMI
Denisa,Maslejova,Digital Marketing Specialist,denisa.maslejova@pmi.com,+420 266 702 111,http://www.linkedin.com/in/denisa-maslejova,Philip Morris International,Hlavni mesto Praha,Czech Republic,https://pmi.com,Nicotine,Apollo,,http://www.linkedin.com/company/insidepmi,https://www.facebook.com/insidePMI/,https://twitter.com/insidePMI
Kleio,Stavrou,Marketing Executive,kleio.stavrou@contracted.pmi.com,+420 266 702 111,http://www.linkedin.com/in/kleio-marina-stavrou-398a141ba,Philip Morris International,,Cyprus,https://pmi.com,Nicotine,Apollo,,http://www.linkedin.com/company/insidepmi,https://www.facebook.com/insidePMI/,https://twitter.com/insidePMI
Milagros,Balmaceda,Marketing Content Executive,milagros.balmaceda@pmi.com,+420 266 702 111,http://www.linkedin.com/in/milagros-balmaceda-367a68281,Philip Morris International,Autonomous City of Buenos Aires,Argentina,https://pmi.com,Nicotine,Apollo,,http://www.linkedin.com/company/insidepmi,https://www.facebook.com/insidePMI/,https://twitter.com/insidePMI
Filipa,Evangelista,Brand Marketing Sr. Specialist,filipa.evangelista@pmi.com,+420 266 702 111,http://www.linkedin.com/in/filipaevangelista,Philip Morris International,Lisbon,Portugal,https://pmi.com,Nicotine,Apollo,,http://www.linkedin.com/company/insidepmi,https://www.facebook.com/insidePMI/,https://twitter.com/insidePMI
Anhad,Singh,Digital Marketing Specialist,anhad@smokearsenal.com,+1 437-224-0800,http://www.linkedin.com/in/anhadsingh,Smoke Arsenal,Ontario,Canada,https://smokearsenal.com,Nicotine,Apollo,,http://www.linkedin.com/company/smoke-arsenal,,
Mark,Hoogendoorn,Founder,markh@madvapes.com,+1 704-624-8551,http://www.linkedin.com/in/mark-hoogendoorn-9653ba4,MADVAPES,North Carolina,United States,https://madvapes.com,Nicotine,Apollo,,http://www.linkedin.com/company/madvapes-llc,https://facebook.com/madvapes,https://twitter.com/madvapes
Nadera,Bhuayan,"Director, Digital Marketing - Drew Estate Cigars",naderab7@yahoo.com,+1 800-874-9720,http://www.linkedin.com/in/naderabhuayan,Swisher,Maryland,United States,https://swisher.com,Nicotine,Apollo,,http://www.linkedin.com/company/swishercompany,https://facebook.com/swishercompany,https://twitter.com/swishercompany
William,Gunn,Founder & Executive Coach,wgunn@kenvue.com,+1 908-874-1200,http://www.linkedin.com/in/williamlgunnjr,Kenvue,New York,United States,https://kenvue.com,Nicotine,Apollo,,http://www.linkedin.com/company/kenvue,https://facebook.com/Kenvue,https://twitter.com/kenvue
Carole,Rayet,Brand Engagement Marketing,carole.rayet@pmi.com,+420 266 702 111,http://www.linkedin.com/in/carolerayet,Philip Morris International,Vaud,Switzerland,https://pmi.com,Nicotine,Apollo,,http://www.linkedin.com/company/insidepmi,https://www.facebook.com/insidePMI/,https://twitter.com/insidePMI
Gabriella,Abe,Analista de Brand Marketing Sênior | FMCG,gabriella_abe@bat.com,+44 20 7845 1000,http://www.linkedin.com/in/gabriella-quinelato-abe,BAT,State of Sao Paulo,Brazil,https://bat.com,Nicotine,Apollo,,http://www.linkedin.com/company/british-american-tobacco,https://facebook.com/batcareers,https://twitter.com/batplc
Vincent,Caron,Directeur Marketing et Développement Commercial,vcaron@sunnysmoker.fr,+33 1 83 81 40 70,http://www.linkedin.com/in/vincentcaroncoo,Pulp by Sunny Smoker,Ile-de-France,France,https://pulp-liquides.com,Nicotine,Apollo,,http://www.linkedin.com/company/sunny-smoker,https://facebook.com/SunnySmoker,https://twitter.com/Sunny_Smoker
Nissrine,Ghannoum,Director Marketing Communications,nghannoum@rapid-dose.com,+1 416-477-1052,http://www.linkedin.com/in/nissrineghannoum,Rapid Dose Therapeutics (RDT),Ontario,Canada,https://rapid-dose.com,Nicotine,Apollo,,http://www.linkedin.com/company/rapid-dose-therapeutics-rdt,https://business.facebook.com/RapidDoseTherapeutics/,https://twitter.com/RapidDose
Jakub,Kanclerz,Chief Marketing Officer,jakub.kanclerz@lunacorporate.com,+48 78 905 53 37,http://www.linkedin.com/in/jakub-kanclerz,Luna Corporate,Masovian Voivodeship,Poland,https://lunacorporate.com,Nicotine,Apollo,,http://www.linkedin.com/company/luna-corporate,,
James,Moran,Chief Executive Officer,james@rejuiceit.com,+353 59 972 2590,http://www.linkedin.com/in/moranj1,Rejuice Ltd.,Laois,Ireland,https://rejuiceit.com,Nicotine,Apollo,,http://www.linkedin.com/company/rejuice,https://facebook.com/pages/rejuice/217959958376018,https://twitter.com/rejuice1
Spyder,Webb,Chief Executive Officer,spyder@fleurdetiger.com,+1 504-218-4400,http://www.linkedin.com/in/spyder-webb-078137287,Fleur de Tiger,Louisiana,United States,https://fleurdetiger.com,Nicotine,Apollo,,http://www.linkedin.com/company/fleur-de-tiger,,
Andreas,Mosel,Vice President Global Marketing Combustibles Category,andreas.mosel@pmi.com,+420 266 702 111,http://www.linkedin.com/in/andreas-mosel-663b715b,Philip Morris International,Vaud,Switzerland,https://pmi.com,Nicotine,Apollo,,http://www.linkedin.com/company/insidepmi,https://www.facebook.com/insidePMI/,https://twitter.com/insidePMI
Christina,Ramharter,Digital Marketing Lead,christina.ramharter@pmi.com,+420 266 702 111,http://www.linkedin.com/in/christina-ramharter,Philip Morris International,Utrecht,Netherlands,https://pmi.com,Nicotine,Apollo,,http://www.linkedin.com/company/insidepmi,https://www.facebook.com/insidePMI/,https://twitter.com/insidePMI
Anett,Vegh,Marketing Executive SFP,anett.vegh@pmi.com,+420 266 702 111,http://www.linkedin.com/in/anett-krisztina-v%c3%a9gh-9a8a401b8,Philip Morris International,,Belgium,https://pmi.com,Nicotine,Apollo,,http://www.linkedin.com/company/insidepmi,https://www.facebook.com/insidePMI/,https://twitter.com/insidePMI
Myra,Rafissa,Digital Marketing Executive,myra.rafissa@pmi.com,+420 266 702 111,http://www.linkedin.com/in/myra-rafissa,Philip Morris International,England,United Kingdom,https://pmi.com,Nicotine,Apollo,,http://www.linkedin.com/company/insidepmi,https://www.facebook.com/insidePMI/,https://twitter.com/insidePMI
Jed,Rose,President and CEO,jed.rose@roseresearchcenter.com,+1 866-984-7673,http://www.linkedin.com/in/drjedrose,Rose Research Center,North Carolina,United States,https://roseresearchcenter.com,Nicotine,Apollo,,http://www.linkedin.com/company/rose-research-center,http://www.facebook.com/roseresearch,
Jon,Marshall,Founder,jon@flavourcrafters.com,+1 519-601-0222,http://www.linkedin.com/in/jon-marshall-008a5732,Flavour Crafters Inc.,Ontario,Canada,https://flavourcrafters.com,Nicotine,Apollo,,http://www.linkedin.com/company/flavour-crafters,,
Jiri,Rotrekl,CEO,rotrekl@izyvape.eu,+421 917 574 640,http://www.linkedin.com/in/ji%c5%99%c3%ad-rotrekl-2b9990108,IZY VAPE CE s.r.o.,,Czechia,https://izyvape.eu,Nicotine,Apollo,,http://www.linkedin.com/company/izy-vape-ce-s-r-o,https://www.facebook.com/izyvape.czsk/,
Jeferson,Sachet,Marketing,jeferson.sachet@bat.com,+44 20 7845 1000,http://www.linkedin.com/in/jeferson-sachet-1b585068,BAT,State of Santa Catarina,Brazil,https://bat.com,Nicotine,Apollo,,http://www.linkedin.com/company/british-american-tobacco,https://facebook.com/batcareers,https://twitter.com/batplc
Karolina,Steinbachova,121 Marketing Specialist HoReCa,karolina_steinbachova_external@bat.com,+44 20 7845 1000,http://www.linkedin.com/in/karol%c3%adna-steinbachov%c3%a1-152393294,BAT,Hlavni mesto Praha,Czech Republic,https://bat.com,Nicotine,Apollo,,http://www.linkedin.com/company/british-american-tobacco,https://facebook.com/batcareers,https://twitter.com/batplc
Kevin,Uren,CEO at Wicked Imports (PTY) Ltd,kevin@wickedimports.co.za,+27 11 466 3823,http://www.linkedin.com/in/kevin-uren-17019386,Wicked Imports (PTY) Ltd.,,United States,https://wickedimports.co.za,Nicotine,Apollo,,http://www.linkedin.com/company/wicked-imports-pty-ltd,https://www.facebook.com/pages/Wicked-Imports/193082757387443,
Rob,Kieckbusch,Chief Executive Officer,rob@deerdip.com,,http://www.linkedin.com/in/rob-kieckbusch-b25394344,Whitetail Smokeless,Wisconsin,United States,https://deerdip.com,Nicotine,Apollo,,http://www.linkedin.com/company/whitetail-smokeless,,
Kelly,Baziz,Head Marketing & Portfolio Middle East,kelly.baziz@pmi.com,+420 266 702 111,http://www.linkedin.com/in/kelly-baziz-64933322,Philip Morris International,,Switzerland,https://pmi.com,Nicotine,Apollo,,http://www.linkedin.com/company/insidepmi,https://www.facebook.com/insidePMI/,https://twitter.com/insidePMI
Gurdeep,Landa,Co-Founder,gurdeep@tidalvape.co.uk,+44 23 8055 3111,http://www.linkedin.com/in/gurdeep-landa-143196212,Tidal Vape,England,United Kingdom,https://tidalvape.co.uk,Nicotine,Apollo,,http://www.linkedin.com/company/tidal-vape-uk,,
Max,Cunningham,Founder & CEO,max@seshproducts.com,,http://www.linkedin.com/in/max-cunningham-ba8bb810,Sesh Products,Texas,United States,https://seshproducts.com,Nicotine,Apollo,,http://www.linkedin.com/company/sesh-products,,
Belisario,Velazquez,Global Head of Marketing Spend Effectiveness & Resource Alloc.,belisario_velazquez@bat.com,+44 20 7845 1000,http://www.linkedin.com/in/belisario-velazquez-3733b451,BAT,England,United Kingdom,https://bat.com,Nicotine,Apollo,,http://www.linkedin.com/company/british-american-tobacco,https://facebook.com/batcareers,https://twitter.com/batplc
Jodie,Joo,Head of Brand Marketing,jodie.joo@pmi.com,+420 266 702 111,http://www.linkedin.com/in/jodie-ej-joo-7937a354,Philip Morris International,,South Korea,https://pmi.com,Nicotine,Apollo,,http://www.linkedin.com/company/insidepmi,https://www.facebook.com/insidePMI/,https://twitter.com/insidePMI
Denis,Efimov,Marketing Executive Duty Free,denis.efimov@pmi.com,+420 266 702 111,http://www.linkedin.com/in/denis-efimov-01a6b48b,Philip Morris International,Hamburg,Germany,https://pmi.com,Nicotine,Apollo,,http://www.linkedin.com/company/insidepmi,https://www.facebook.com/insidePMI/,https://twitter.com/insidePMI
Alina,Igritskaya,"Global Head Brand Marketing, IQOS",alina.igritskaya@pmi.com,+420 266 702 111,http://www.linkedin.com/in/alina-igritskaya-7b01606,Philip Morris International,Vaud,Switzerland,https://pmi.com,Nicotine,Apollo,,http://www.linkedin.com/company/insidepmi,https://www.facebook.com/insidePMI/,https://twitter.com/insidePMI
Karen,Beaver,Digital Marketing Executive,karen.beaver@pmi.com,+420 266 702 111,http://www.linkedin.com/in/karen-beaver-48782a76,Philip Morris International,Victoria,Australia,https://pmi.com,Nicotine,Apollo,,http://www.linkedin.com/company/insidepmi,https://www.facebook.com/insidePMI/,https://twitter.com/insidePMI
Paula,Vivas,Direct Marketing Analyst,paula.vivas@pmi.com,+420 266 702 111,http://www.linkedin.com/in/paula-vivas-1a290426,Philip Morris International,,Colombia,https://pmi.com,Nicotine,Apollo,,http://www.linkedin.com/company/insidepmi,https://www.facebook.com/insidePMI/,https://twitter.com/insidePMI
Silvia,Pieche,Marketing Coordinator - Brand & Content P1,silvia.pieche@pmi.com,+420 266 702 111,http://www.linkedin.com/in/silvia-pieche-2720b268,Philip Morris International,,Italy,https://pmi.com,Nicotine,Apollo,,http://www.linkedin.com/company/insidepmi,https://www.facebook.com/insidePMI/,https://twitter.com/insidePMI
Eleanna,Polychronopoulou,Digital Marketing Content Executive,eleanna.polychronopoulou@contracted.pmi.com,+420 266 702 111,http://www.linkedin.com/in/eleni-anna-polychronopoulou,Philip Morris International,Attica,Greece,https://pmi.com,Nicotine,Apollo,,http://www.linkedin.com/company/insidepmi,https://www.facebook.com/insidePMI/,https://twitter.com/insidePMI
Allan,Swystun,Director of Marketing Transformation and Technology,swystua@rjrt.com,+1 336-741-2000,http://www.linkedin.com/in/allan-swystun-863b333b,Reynolds American Inc.,North Carolina,United States,https://reynoldsamerican.com,Nicotine,Apollo,,http://www.linkedin.com/company/reynoldsamericaninc,,
Mei,Hashiba,Marketing Executive,mei.hashiba@pmi.com,+420 266 702 111,http://www.linkedin.com/in/meihashiba,Philip Morris International,Tokyo,Japan,https://pmi.com,Nicotine,Apollo,,http://www.linkedin.com/company/insidepmi,https://www.facebook.com/insidePMI/,https://twitter.com/insidePMI
Fabrizio,Gigli,Global Executive Marketing Materials,fabrizio.gigli@pmi.com,+420 266 702 111,http://www.linkedin.com/in/fabrizio-gigli-4423a27,Philip Morris International,Community of Madrid,Spain,https://pmi.com,Nicotine,Apollo,,http://www.linkedin.com/company/insidepmi,https://www.facebook.com/insidePMI/,https://twitter.com/insidePMI
Gregory,Dupas,Commercial and Marketing Director | North Africa,gregory.dupas@impbrands.com,+44 117 963 6636,http://www.linkedin.com/in/gregorydupas,Imperial Brands PLC,Grand Casablanca,Morocco,https://imperialbrandsplc.com,Nicotine,Apollo,,http://www.linkedin.com/company/imperial-brands-plc,http://www.facebook.com/blupeapp,http://www.twitter.com/MrBlupe
Francesca,Saule,"Global Head of Growth, GCE LT Marketing",francesca_saule@bat.com,+44 20 7845 1000,http://www.linkedin.com/in/francescaromanasaule,BAT,,Italy,https://bat.com,Nicotine,Apollo,,http://www.linkedin.com/company/british-american-tobacco,https://facebook.com/batcareers,https://twitter.com/batplc
Michal,Kozlowski,E-marketing Specialist,m.kozlowski@chemnovatic.com,+48 81 475 44 42,http://www.linkedin.com/in/michal-kozlowski-a8646360,Chemnovatic,Lublin Voivodeship,Poland,https://chemnovatic.com,Nicotine,Apollo,,http://www.linkedin.com/company/chemnovatic,,
Marina,Assuncao,POS Marketing Sr. Analyst,massunc1@kenvue.com,+1 908-874-1200,http://www.linkedin.com/in/marinaassun%c3%a7%c3%a3o,Kenvue,State of Sao Paulo,Brazil,https://kenvue.com,Nicotine,Apollo,,http://www.linkedin.com/company/kenvue,https://facebook.com/Kenvue,https://twitter.com/kenvue
Josh,Metz,CMO,josh@seshproducts.com,,http://www.linkedin.com/in/joshuametz1,Sesh Products,Texas,United States,https://seshproducts.com,Nicotine,Apollo,,http://www.linkedin.com/company/sesh-products,,
Quelin,Spiteri,Marketing,quelin_spiteri@bat.com,+44 20 7845 1000,http://www.linkedin.com/in/quelin-spiteri-241008a6,BAT,,Malta,https://bat.com,Nicotine,Apollo,,http://www.linkedin.com/company/british-american-tobacco,https://facebook.com/batcareers,https://twitter.com/batplc
Naveen,Gupta,Global Digital Marketing Lead,naveen.gupta@impbrands.com,+44 117 963 6636,http://www.linkedin.com/in/naveen-gupta-35181914,Imperial Brands PLC,North Holland,Netherlands,https://imperialbrandsplc.com,Nicotine,Apollo,,http://www.linkedin.com/company/imperial-brands-plc,http://www.facebook.com/blupeapp,http://www.twitter.com/MrBlupe
Gabriela,Mograbi,Strategic Marketing,gabriela_mograbi1@bat.com,+44 20 7845 1000,http://www.linkedin.com/in/gabriela-mograbi,BAT,State of Rio de Janeiro,Brazil,https://bat.com,Nicotine,Apollo,,http://www.linkedin.com/company/british-american-tobacco,https://facebook.com/batcareers,https://twitter.com/batplc
Marta,Szpala,Brand Marketing Lead Mass & OTC Business,mszpala@kenvue.com,+1 908-874-1200,http://www.linkedin.com/in/marta-szpala-98055b57,Kenvue,Masovian Voivodeship,Poland,https://kenvue.com,Nicotine,Apollo,,http://www.linkedin.com/company/kenvue,https://facebook.com/Kenvue,https://twitter.com/kenvue
Marco,Malvezzi,Global Head of Data Driven Marketing - Growth Intelligence,marco_malvezzi@bat.com,+44 20 7845 1000,http://www.linkedin.com/in/marcomalvezzi,BAT,Lombardy,Italy,https://bat.com,Nicotine,Apollo,,http://www.linkedin.com/company/british-american-tobacco,https://facebook.com/batcareers,https://twitter.com/batplc
Tanmay,Yadav,Founder,tanmay@icrave.it,,http://www.linkedin.com/in/tanmayy,Crave,Maharashtra,India,https://icrave.it,Nicotine,Apollo,,http://www.linkedin.com/company/icraveit,,
George,Muharib,Founder,george@indejuice.com,+44 121 285 1033,http://www.linkedin.com/in/george-m,IndeJuice,England,United Kingdom,https://indejuice.com,Nicotine,Apollo,,http://www.linkedin.com/company/indejuice,https://facebook.com/indejuice,https://twitter.com/indejuice
Ludovic,Jansen,Chief CEO,ludovic@black-sequoia.com,+33 9 72 53 89 27,http://www.linkedin.com/in/ludovic-jansen-86091930a,Black Sequoia,Brittany,France,https://black-sequoia.com,Nicotine,Apollo,,http://www.linkedin.com/company/black-sequoia,,
Kei,Onishi,Head of Channel Marketing,kei_onishi@bat.com,+44 20 7845 1000,http://www.linkedin.com/in/kei-onishi-57b55712,BAT,Tokyo,Japan,https://bat.com,Nicotine,Apollo,,http://www.linkedin.com/company/british-american-tobacco,https://facebook.com/batcareers,https://twitter.com/batplc
Mariana,Carvalho,Analista de Marketing B2B Pleno,mariana.carvalho@bat.com,+44 20 7845 1000,http://www.linkedin.com/in/mariana-carvalho-820896200,BAT,Rio de Janeiro,Brazil,https://bat.com,Nicotine,Apollo,,http://www.linkedin.com/company/british-american-tobacco,https://facebook.com/batcareers,https://twitter.com/batplc
Nadia,Pires,Marketing Director,nadia.pires@pmi.com,+420 266 702 111,http://www.linkedin.com/in/n%c3%a1dia-vodon%c3%b3s-pires-1402119,Philip Morris International,State of Sao Paulo,Brazil,https://pmi.com,Nicotine,Apollo,,http://www.linkedin.com/company/insidepmi,https://www.facebook.com/insidePMI/,https://twitter.com/insidePMI
Jean-Claude,Gereige,Director Marketing & Digital CH,jean-claude.gereige@pmi.com,+420 266 702 111,http://www.linkedin.com/in/jean-claude-gereige-0a338446,Philip Morris International,Vaud,Switzerland,https://pmi.com,Nicotine,Apollo,,http://www.linkedin.com/company/insidepmi,https://www.facebook.com/insidePMI/,https://twitter.com/insidePMI
Lavania,Balasingam,"Senior Director, Brand Marketing Modern Oral",balasil@rjrt.com,+1 336-741-2000,http://www.linkedin.com/in/lavaniabalasingam,Reynolds American Inc.,North Carolina,United States,https://reynoldsamerican.com,Nicotine,Apollo,,http://www.linkedin.com/company/reynoldsamericaninc,,
Matej,Chinoracky,Digital Marketing Specialist,matej.chinoracky@pmi.com,+420 266 702 111,http://www.linkedin.com/in/matej-chinorack%c3%bd-7734a8163,Philip Morris International,,Slovakia,https://pmi.com,Nicotine,Apollo,,http://www.linkedin.com/company/insidepmi,https://www.facebook.com/insidePMI/,https://twitter.com/insidePMI
Mark,Hanson,President and Co-Founder,mark@blackbuffalo.com,+1 312-493-5954,http://www.linkedin.com/in/mark-hanson-17a3aa1,Black Buffalo Inc.,Illinois,United States,https://blackbuffalo.com,Nicotine,Apollo,,http://www.linkedin.com/company/black-buffalo-inc.,https://www.facebook.com/blackbuffaloinc,https://twitter.com/blackbuffaloinc/
Hien,Lewis,Brand Marketing,lewish3@rjrt.com,+1 336-741-2000,http://www.linkedin.com/in/hienlewis,Reynolds American Inc.,North Carolina,United States,https://reynoldsamerican.com,Nicotine,Apollo,,http://www.linkedin.com/company/reynoldsamericaninc,,
Jarell,Wall,Chief Executive Officer,jarell@gentlemanquinns.com,+1 720-738-1888,http://www.linkedin.com/in/jarellwall,Gentleman Quinns™ Blunt Co.,Colorado,United States,https://gentlemanquinns.com,Nicotine,Apollo,,http://www.linkedin.com/company/gentlemanquinns-,https://www.facebook.com/Gentleman-Quinns-1561883194120052/,https://twitter.com/GentlemanQuinns
Matthieu,Fortin,Chief Executive Officer,matt@upperlimitsinc.com,+1 217-679-4315,http://www.linkedin.com/in/matthieu-claude,Upper Limits,Illinois,United States,https://upperlimitsinc.com,Nicotine,Apollo,,http://www.linkedin.com/company/upper-limits-midwest-inc,https://facebook.com/UpperLimits,https://twitter.com/upperlimitsinc
Katherine,Rouse-Bailey,Vice President Marketing,krouse@xxiicentury.com,+1 716-270-1523,http://www.linkedin.com/in/katherine-rouse-bailey-9a7a24,"22nd Century Group, Inc.",Texas,United States,https://xxiicentury.com,Nicotine,Apollo,,http://www.linkedin.com/company/22nd-century-group,https://facebook.com/xxiicenturygroup,https://twitter.com/_xxiicentury
Analorena,Melendez,Chief Executive Officer,amelendez@aewholesalenf.com,+1 850-222-2048,http://www.linkedin.com/in/analorena-melendez-7ab26b1,A&E Wholesale of North Florida,Florida,United States,https://aewholesalenf.com,Nicotine,Apollo,,http://www.linkedin.com/company/a-e-wholesale,,
Patrick,Pezet,Co Founder,pat@getgrinds.com,+1 510-763-1088,http://www.linkedin.com/in/patrick-pezet-67b03125,Grinds Pouches,Indiana,United States,https://getgrinds.com,Nicotine,Apollo,,http://www.linkedin.com/company/grinds-coffee-pouches,https://www.facebook.com/getGRINDS/,http://twitter.com/#!/getgrinds
Vincent,Reid,Wholesale Director | Co-founder at EPD International s.r.o.,vince@europouches.com,+420 724 892 225,http://www.linkedin.com/in/vincent-reid-32138132b,EPD International s.r.o.,Usti nad Labem Region,Czechia,https://europouches.com,Nicotine,Apollo,,http://www.linkedin.com/company/epd-international-s-r-o,,
Nathan,Santoro,Chargé de Projet Marketing,nathan.santoro@adns-grossiste.fr,+33 1 64 80 54 42,http://www.linkedin.com/in/nathan-santoro-105262180,ADNS Grossiste,Ile-de-France,France,https://adns-grossiste.fr,Nicotine,Apollo,,http://www.linkedin.com/company/adns-grossiste,,
Aris,Topalidis,Chief Executive Officer,a.topalidis@eutrading.gr,+30 21 0422 4520,http://www.linkedin.com/in/aris-topalidis-5a2a8a2,EU Trading,Hlavni mesto Praha,Czech Republic,https://eutrading.gr,Nicotine,Apollo,,http://www.linkedin.com/company/eu-trading,https://www.facebook.com/EuTradingGreece,
Pierre,Thiebaut,Director of Marketing,pierre.thiebaut@refillavape.com,,http://www.linkedin.com/in/pierre-thiebaut-8841543,Refilla - by AYR,,United Kingdom,https://refillavape.com,Nicotine,Apollo,,http://www.linkedin.com/company/refillavape,https://www.facebook.com/RefillaVape,
Jack,Barton,Co-Founder,jack@vapeclub.co.uk,+44 192 347 9992,http://www.linkedin.com/in/jack-barton-9239191a8,Vape Club Ltd,England,United Kingdom,https://vapeclub.co.uk,Nicotine,Apollo,,http://www.linkedin.com/company/vapeclubuk,https://www.facebook.com/vapeclub,https://twitter.com/vapeclub
Daniel,Holgersson,VD / CEO,daniel@whitelip.com,+46 708 30 21 50,http://www.linkedin.com/in/daniel-holgersson,Whitelip AB,Vaestra Goetaland County,Sweden,https://whitelip.com,Nicotine,Apollo,,http://www.linkedin.com/company/whitelip,,
Daniel,Cardemil Krause,Head of Marketing - Chile,daniel_cardemil@bat.com,+44 20 7845 1000,http://www.linkedin.com/in/daniel-cardemil-krause-6229a342,BAT,Santiago Metropolitan Region,Chile,https://bat.com,Nicotine,Apollo,,http://www.linkedin.com/company/british-american-tobacco,https://facebook.com/batcareers,https://twitter.com/batplc
Carl,Karth,Founder,carl@snuset.se,,http://www.linkedin.com/in/carlpilokarth,GTG,Stockholm County,Sweden,https://snusetgroup.com,Nicotine,Apollo,,http://www.linkedin.com/company/get-this-globe,,
Riley,Kruger,Marketing Coordinator,rkruger@getgrinds.com,+1 510-763-1088,http://www.linkedin.com/in/riley-kruger,Grinds Pouches,Indiana,United States,https://getgrinds.com,Nicotine,Apollo,,http://www.linkedin.com/company/grinds-coffee-pouches,https://www.facebook.com/getGRINDS/,http://twitter.com/#!/getgrinds
Marc,Mrcgp,Founder,marc@vapeescape.org.uk,,http://www.linkedin.com/in/dr-marc-picot-mrcgp-41b7572b8,Vape Escape,St Helier,Jersey,https://vapeescape.org.uk,Nicotine,Apollo,,http://www.linkedin.com/company/howtovapeescape,,
Marina,Petrovic,Head of Marketing D&A BIH&Almako,marina_petrovic@bat.com,+44 20 7845 1000,http://www.linkedin.com/in/marina-petrovic-a1645825,BAT,,Serbia,https://bat.com,Nicotine,Apollo,,http://www.linkedin.com/company/british-american-tobacco,https://facebook.com/batcareers,https://twitter.com/batplc
Youstina,Barsoum,Brand Marketing Supervisor,youstina.barsoum@contracted.pmi.com,+420 266 702 111,http://www.linkedin.com/in/youstina-barsoum-1b5a97116,Philip Morris International,,Egypt,https://pmi.com,Nicotine,Apollo,,http://www.linkedin.com/company/insidepmi,https://www.facebook.com/insidePMI/,https://twitter.com/insidePMI
Artem,Konik,Head of Marketing,artem.konik@pmi.com,+420 266 702 111,http://www.linkedin.com/in/artem-konik-3976701a,Philip Morris International,,Ukraine,https://pmi.com,Nicotine,Apollo,,http://www.linkedin.com/company/insidepmi,https://www.facebook.com/insidePMI/,https://twitter.com/insidePMI
Ignacio,Gonzalez Orlando,Digital Marketing Specialist,ignacio.gonzalez@pmi.com,+420 266 702 111,http://www.linkedin.com/in/ignacio-manuel-gonz%c3%a1lez-orlando-9a8b6b140,Philip Morris International,,Argentina,https://pmi.com,Nicotine,Apollo,,http://www.linkedin.com/company/insidepmi,https://www.facebook.com/insidePMI/,https://twitter.com/insidePMI
Martina,Kincl,Marketing Lead,martina.kincl@pmi.com,+420 266 702 111,http://www.linkedin.com/in/martina-kincl-kafunkova,Philip Morris International,Hlavni mesto Praha,Czech Republic,https://pmi.com,Nicotine,Apollo,,http://www.linkedin.com/company/insidepmi,https://www.facebook.com/insidePMI/,https://twitter.com/insidePMI
Terrance,McRae,"Director, People & Culture Business Partner - Marketing and Insights & Intelligence",terrance.mcrae@itgbrands.com,+1 866-328-2485,http://www.linkedin.com/in/terrancemcrae,ITG Brands,Illinois,United States,https://itgbrands.com,Nicotine,Apollo,,http://www.linkedin.com/company/itg-brands,,
Anastasia,Rubin,Marketing Brand Executive,anastasia.rubin@pmi.com,+420 266 702 111,http://www.linkedin.com/in/anastasia-rubin-80120671,Philip Morris International,,Israel,https://pmi.com,Nicotine,Apollo,,http://www.linkedin.com/company/insidepmi,https://www.facebook.com/insidePMI/,https://twitter.com/insidePMI
Cliff,Sammet,Co-Founder,cliff@cannadips.com,+1 707-388-3105,http://www.linkedin.com/in/cliff-sammet-a40bab1b,Cannadips,California,United States,https://cannadips.com,Nicotine,Apollo,,http://www.linkedin.com/company/cannadipscannabis,https://www.facebook.com/cannadips,https://twitter.com/cannadips
Silente,Creek,Co-Founder & CEO,creek@skkamerica.com,,http://www.linkedin.com/in/silente-creek-%e4%bd%95%e7%ad%b1%e7%94%9f-8686b4152,SKK Tech,Guangdong,China,https://skktech.com,Nicotine,Apollo,,http://www.linkedin.com/company/skk-tech-co--ltd,,
Frederic,Rodzynek,C.E.O.,f.rodzynek@kappa-city.fr,+33 4 70 08 08 80,http://www.linkedin.com/in/fr%c3%a9d%c3%a9ric-rodzynek-648a22b4,kappa-City Biotech SAS NarcoCheck,Auvergne,France,https://narcocheck.com,Nicotine,Apollo,,http://www.linkedin.com/company/narcocheck,https://facebook.com/narcocheck,
Kyle,Jasinski,Product Marketing,kylejasinski@totalproductexpo.com,+1 805-660-6821,http://www.linkedin.com/in/kylejasinski,Total Product Expo,California,United States,https://totalproductexpo.com,Nicotine,Apollo,,http://www.linkedin.com/company/totalproductexpo,https://www.facebook.com/totalproductexpo/,
Filippo,Bertolini,Marketing and Comms,filippo.bertolini@pmi.com,+420 266 702 111,http://www.linkedin.com/in/filippo-bertolin1,Philip Morris International,,Switzerland,https://pmi.com,Nicotine,Apollo,,http://www.linkedin.com/company/insidepmi,https://www.facebook.com/insidePMI/,https://twitter.com/insidePMI
Marija,Kljajo,Performance Marketing Executive,marija_kljajo@bat.com,+44 20 7845 1000,http://www.linkedin.com/in/marija-kljajo-abb88a2a1,BAT,Hamburg,Germany,https://bat.com,Nicotine,Apollo,,http://www.linkedin.com/company/british-american-tobacco,https://facebook.com/batcareers,https://twitter.com/batplc
Gurvinder,Singh,CEO,gurvinder@tidalvape.co.uk,+44 23 8055 3111,http://www.linkedin.com/in/gurvinder-singh-20906339,Tidal Vape,England,United Kingdom,https://tidalvape.co.uk,Nicotine,Apollo,,http://www.linkedin.com/company/tidal-vape-uk,,
Andre,Bueno,"Marketing Director - Innovation Self-Care, Pain (Tylenol, Motrin, Pediatrics)",abueno3@kenvue.com,+1 908-874-1200,http://www.linkedin.com/in/andr%c3%a9-deco-sab%c3%b3-bueno-2496928a,Kenvue,New Jersey,United States,https://kenvue.com,Nicotine,Apollo,,http://www.linkedin.com/company/kenvue,https://facebook.com/Kenvue,https://twitter.com/kenvue
Cyrille,Ayissi,Marketing Development Executive,ntsagacyrille@yahoo.fr,+44 20 7845 1000,http://www.linkedin.com/in/cyrille-ntsaga-ayissi-06b92122,BAT,,Cameroon,https://bat.com,Nicotine,Apollo,,http://www.linkedin.com/company/british-american-tobacco,https://facebook.com/batcareers,https://twitter.com/batplc
Jon,Moore,President and Chief Executive Officer,jon.d.moore@pmusa.com,,http://www.linkedin.com/in/jondmoore,Philip Morris USA,Virginia,United States,https://philipmorrisusa.com,Nicotine,Apollo,,http://www.linkedin.com/company/philip-morris-usa,,https://twitter.com/altrianews
Nabil,Semrane,Managing Director and Founder.,n.semrane@allyoucanclean.nl,+31 85 060 3428,http://www.linkedin.com/in/nabil-semrane-17798b168,Allyoucanclean,Limburg,Netherlands,https://allyoucanclean.nl,Nicotine,Apollo,,http://www.linkedin.com/company/allyoucanclean,,
Oleksandra,Svistova,Digital Marketing Executive,oleksandra_svistova@bat.com,+44 20 7845 1000,http://www.linkedin.com/in/oleksandra-svistova,BAT,Kyiv city,Ukraine,https://bat.com,Nicotine,Apollo,,http://www.linkedin.com/company/british-american-tobacco,https://facebook.com/batcareers,https://twitter.com/batplc
Petra,Wahrenberg,Marketing & Innovation Professional,petra.wahrenberg@swedishmatch.com,+46 10 139 30 00,http://www.linkedin.com/in/petra-wahrenberg-00894858,Swedish Match,Stockholm County,Sweden,https://swedishmatch.com,Nicotine,Apollo,,http://www.linkedin.com/company/swedish-match,https://facebook.com/snus.swedishmatch/,https://twitter.com/Swedish_Match
Allahverdi,Babayev,Head of Marketing Department,allahverdi.babayev@bakuinternationaltobacco.com,+994 12 310 30 01,http://www.linkedin.com/in/allahverdi-babayev,Baku International Tobacco,,Azerbaijan,https://bakuinternationaltobacco.com,Nicotine,Apollo,,http://www.linkedin.com/company/baku-international-tobacco,,
Joshua,Desabris,Co-Founder,joshua@getsett.co,,http://www.linkedin.com/in/joshua-desabris-4407a445,Sett,California,United States,https://getsett.co,Nicotine,Apollo,,http://www.linkedin.com/company/getsettus,,
David,Cohen,CEO,david.cohen@joshnoaco.com,,http://www.linkedin.com/in/david-cohen-9743a71a1,JoshNoa&Co,Provence-Alpes-Cote d'Azur,France,https://joshnoaco.fr,Nicotine,Apollo,,http://www.linkedin.com/company/joshnoaco,https://fr-fr.facebook.com/joshnoaco/,
Patrick,Bedue,Chairman and CEO,patrick@vapexpo-france.com,+33 1 64 86 52 97,http://www.linkedin.com/in/patrick-bedue,VAPEXPO,Ile-de-France,France,https://vapexpo-france.com,Nicotine,Apollo,,http://www.linkedin.com/company/vapexpo,https://www.facebook.com/vapexpofrance,https://twitter.com/vapexpo
Virginie,Guepratte,Fondatrice et Gérante,virginie.guepratte@vapotech.fr,+33 5 58 75 83 54,http://www.linkedin.com/in/virginie-gu%c3%a9pratte-550543109,Vapotech,Nouvelle-Aquitaine,France,https://vapotech.fr,Nicotine,Apollo,,http://www.linkedin.com/company/vapotechoff,,
Carlindo,Macedo,Real Estate Head LatAm & Co-Founder,cmaced01@kenvue.com,+1 908-874-1200,http://www.linkedin.com/in/carlindommacedo,Kenvue,State of Sao Paulo,Brazil,https://kenvue.com,Nicotine,Apollo,,http://www.linkedin.com/company/kenvue,https://facebook.com/Kenvue,https://twitter.com/kenvue
Arvind,Chaudhary,Digital Marketing Specialist,arvind@handbwholesale.co.uk,+44 757 241 9393,http://www.linkedin.com/in/arvind-chaudhary-7b681531a,H & B ENTERPRISE LTD,,India,https://handbwholesale.co.uk,Nicotine,Apollo,,http://www.linkedin.com/company/h-&-b-enterprise-ltd,,
Hamdia,Sodhi,Marketing Specialist,hsodhi@strictlyecig.com,+1 912-748-1861,http://www.linkedin.com/in/hamdia-sodhi-113088237,Strictly E-Cig,Georgia,United States,https://strictlyecig.com,Nicotine,Apollo,,http://www.linkedin.com/company/strictly-e-cig,,
Francesco,Ferri,Global DBS Productivity & Transformation Lead - Marketing,francesco_ferri@bat.com,+44 20 7845 1000,http://www.linkedin.com/in/fra-ferri,BAT,Lazio,Italy,https://bat.com,Nicotine,Apollo,,http://www.linkedin.com/company/british-american-tobacco,https://facebook.com/batcareers,https://twitter.com/batplc
Shafayet,Habib,Head of Marketing,qmshafayethabib@gmail.com,+420 266 702 111,http://www.linkedin.com/in/qmshafayethabib,Philip Morris International,,Bangladesh,https://pmi.com,Nicotine,Apollo,,http://www.linkedin.com/company/insidepmi,https://www.facebook.com/insidePMI/,https://twitter.com/insidePMI
Lauren,Richmond,"Director, Brand Marketing",lauren.richmond@itgbrands.com,+1 866-328-2485,http://www.linkedin.com/in/laurencrichmond,ITG Brands,,United States,https://itgbrands.com,Nicotine,Apollo,,http://www.linkedin.com/company/itg-brands,,
Milagros,Syriani Landi,Marketing Content Specialist,milagros.syriani@pmi.com,+420 266 702 111,http://www.linkedin.com/in/milagros-syriani-landi-779897169,Philip Morris International,Autonomous City of Buenos Aires,Argentina,https://pmi.com,Nicotine,Apollo,,http://www.linkedin.com/company/insidepmi,https://www.facebook.com/insidePMI/,https://twitter.com/insidePMI
Ildana,Khaibullina,Marketing Digital Solutions Executive,ildana.khaibullina@pmi.com,+420 266 702 111,http://www.linkedin.com/in/ildana-khaibullina,Philip Morris International,Almaty Province,Kazakhstan,https://pmi.com,Nicotine,Apollo,,http://www.linkedin.com/company/insidepmi,https://www.facebook.com/insidePMI/,https://twitter.com/insidePMI
Joseph,Park,Consumables Marketing Executive,joseph.park@pmi.com,+420 266 702 111,http://www.linkedin.com/in/joseph-park-711054136,Philip Morris International,,South Korea,https://pmi.com,Nicotine,Apollo,,http://www.linkedin.com/company/insidepmi,https://www.facebook.com/insidePMI/,https://twitter.com/insidePMI
Eric,Fishman,Founder,eric@monq.com,+1 844-936-6667,http://www.linkedin.com/in/ericf2,MONQ,Tennessee,United States,https://monq.com,Nicotine,Apollo,,http://www.linkedin.com/company/monq,https://facebook.com/MyMONQ,https://twitter.com/mymonq
Ali,Nadimi,Founder & CEO,anadimi@socialsmoke.com,+1 817-633-6300,http://www.linkedin.com/in/alinadimi,Social Smoke,Texas,United States,https://socialsmoke.com,Nicotine,Apollo,,http://www.linkedin.com/company/socialsmoke,https://facebook.com/SocialSmoke,https://twitter.com/socialsmoke
Ahmad,Kharrat,Head of Marketing MENA & Turkey,akharrat@juul.com,+1 415-829-2336,http://www.linkedin.com/in/ahmad-kharrat-8464b51a,Juul Labs,,Jordan,https://juullabs.com,Nicotine,Apollo,,http://www.linkedin.com/company/juul-labs,,https://twitter.com/juulvapor
Bianca,Thumfarth,Marketing Copywriter,bianca.thumfarth@hayppgroup.com,+46 708 15 39 83,http://www.linkedin.com/in/bianca-thumfarth-2b2bab179,Haypp Group,Stockholm County,Sweden,https://hayppgroup.com,Nicotine,Apollo,,http://www.linkedin.com/company/haypp-group,,https://twitter.com/HayppGroup
Mladen,Barbaric,Founder & CEO,m@nosaint.co,+44 797668,http://www.linkedin.com/in/mladenbarbaric,NO SAINT,Quebec,Canada,https://nosaint.co,Nicotine,Apollo,,http://www.linkedin.com/company/no-saint,,
Pamela,Schmitt,Founder and CEO,pam@schmittyssnuff.com,+1 920-907-4380,http://www.linkedin.com/in/pamela-schmitt-206541122,Schmitty's Snuff,Washington,United States,https://schmittys.com,Nicotine,Apollo,,http://www.linkedin.com/company/schmittyssnuff,https://www.facebook.com/dipschmittys/,
Beata,Krolak,Marknadschef,beata@kellywhite.com,,http://www.linkedin.com/in/beata-krolak-a91093138,KELLY WHITE,Stockholm County,Sweden,https://kellywhite.com,Nicotine,Apollo,,http://www.linkedin.com/company/kelly-white-nicotinepouches,,
Habeebuddin,Quazi,Professional Marketing Executive,mohd.habeebuddin@jbpharma.com,+91 22243 95200,http://www.linkedin.com/in/habeebuddin-quazi-70b0b592,JB,Maharashtra,India,https://jbpharma.com,Nicotine,Apollo,,http://www.linkedin.com/company/jbpharma,https://www.facebook.com/OneJBglobal,https://twitter.com/OneJBglobal
Arthur,Gazengel,Chargé de Marketing Digital,arthur.gazengel@vapoter.fr,,http://www.linkedin.com/in/arthur-gazengel-307585141,Vapoter.fr,,France,https://vapoter.fr,Nicotine,Apollo,,http://www.linkedin.com/company/vapoter,,
Meaghan,Rudnicki,Marketing Director,meaghanrudnicki@wildbillstobacco.com,+1 248-647-9999,http://www.linkedin.com/in/meaghanrudnicki,Wild Bill's Tobacco,Michigan,United States,https://wildbillstobacco.com,Nicotine,Apollo,,http://www.linkedin.com/company/wild-bills-tobacco,,
Aaron,Li,Founder,aaron@portalpuff.com,+1 650-300-9292,http://www.linkedin.com/in/aaronli650,PortalPuff,California,United States,https://portalpuff.com,Nicotine,Apollo,,http://www.linkedin.com/company/portalpuff,,
Nauris,Spulgis,Co-Founder,nauris@whitechew.com,,http://www.linkedin.com/in/naurisspulgis,WhiteChew,,Latvia,https://whitechew.com,Nicotine,Apollo,,http://www.linkedin.com/company/whitechew,,
Nektarios,Zafeiris,Chief Executive Officer,nektarios.zafeiris@smok-e.gr,+30 21 0300 5444,http://www.linkedin.com/in/nektarios-zafeiris-1ba580127,Smok-e,,Greece,https://smok-e.gr,Nicotine,Apollo,,http://www.linkedin.com/company/smok-e-private-company,,
Gregory,Solomon,Head of Global Marketing,greg.solomon@ignite.co,+1 866-446-4830,http://www.linkedin.com/in/gregsolomon1,"Ignite International, Ltd.",California,United States,https://ignite.co,Nicotine,Apollo,,http://www.linkedin.com/company/igniteintl,https://facebook.com/igniteinternationalbrandsltd/,https://twitter.com/ignitecco
Joanne,Waterson,Capability Executive,joanne.waterson@pmi.com,+420 266 702 111,http://www.linkedin.com/in/joanne-waterson-589a57114,Philip Morris International,Victoria,Australia,https://pmi.com,Nicotine,Apollo,,http://www.linkedin.com/company/insidepmi,https://www.facebook.com/insidePMI/,https://twitter.com/insidePMI
Beata,Pelcova,Border Channel Marketing Executive,beata.pelcova@pmi.com,+420 266 702 111,http://www.linkedin.com/in/beata-burdova,Philip Morris International,,Czechia,https://pmi.com,Nicotine,Apollo,,http://www.linkedin.com/company/insidepmi,https://www.facebook.com/insidePMI/,https://twitter.com/insidePMI
Zineb,Charrat,Director CC - Marketing,zineb.charrat@pmi.com,+420 266 702 111,http://www.linkedin.com/in/zineb-charrat-858aa448,Philip Morris International,Casablanca-Settat,Morocco,https://pmi.com,Nicotine,Apollo,,http://www.linkedin.com/company/insidepmi,https://www.facebook.com/insidePMI/,https://twitter.com/insidePMI
Marcos,Travaglini,Marketing Projects Executive,marcos.travaglini@pmi.com,+420 266 702 111,http://www.linkedin.com/in/marcos-travaglini-99457618,Philip Morris International,,Argentina,https://pmi.com,Nicotine,Apollo,,http://www.linkedin.com/company/insidepmi,https://www.facebook.com/insidePMI/,https://twitter.com/insidePMI
Jared,Martin,Co-Founder,jared@nectr.energy,+1 866-938-5047,http://www.linkedin.com/in/jared-martin-0b3217271,Nectr Energy Inc,California,United States,https://nectr.energy,Nicotine,Apollo,,http://www.linkedin.com/company/nectr-energy,,
Lauren,Navarro,Marketing,lauren@integrityforjustice.com,+1 305-444-7675,http://www.linkedin.com/in/lauren-alvarez-navarro-43565b54,The Alvarez Law Firm,Florida,United States,https://integrityforjustice.com,Nicotine,Apollo,,http://www.linkedin.com/company/the-alvarez-law-firm,,
Valerie,Webster,CEO/President,valerie.webster@integratedhealth21.com,+1 800-451-6889,http://www.linkedin.com/in/valerielwebster,Integrated Health 21,Ohio,United States,https://integratedhealth21.com,Nicotine,Apollo,,http://www.linkedin.com/company/integrated-health-21,https://www.facebook.com/IntegratedHealth21,https://twitter.com/ihealth21
Dimitris,Patriarcheas,"Marketing Director, Cigarettes Brands, Greece, Cyprus & Malta",dimitrios.patriarcheas@pmi.com,+420 266 702 111,http://www.linkedin.com/in/dimitris-patriarcheas-520275106,Philip Morris International,,Greece,https://pmi.com,Nicotine,Apollo,,http://www.linkedin.com/company/insidepmi,https://www.facebook.com/insidePMI/,https://twitter.com/insidePMI
Emilie,Riotte,Chargée de Projets Marketing,emilie@kwit.app,+33 6 37 86 84 60,http://www.linkedin.com/in/emilie-riotte-9018a2160,Kwit,Grand Est,France,https://kwit.app,Nicotine,Apollo,,http://www.linkedin.com/company/kwit,https://www.facebook.com/kwitfr,https://twitter.com/kwitapp
Manisha,Shah,Marketing,shahm@kenvue.com,+1 908-874-1200,http://www.linkedin.com/in/manisha-shah18,Kenvue,Maharashtra,India,https://kenvue.com,Nicotine,Apollo,,http://www.linkedin.com/company/kenvue,https://facebook.com/Kenvue,https://twitter.com/kenvue
Gimmy,Esposito,CEO Vapeitalia CEO Blaq Vapor,gimmy@vapeitalia.it,+39 071 730 8027,http://www.linkedin.com/in/gimmy-esposito-384161209,Vapeitalia,,Italy,https://vapeitalia.it,Nicotine,Apollo,,http://www.linkedin.com/company/vapeitalia,,
Wahiba,Semlali,Founder,wahiba@sauceydressings.co.uk,+1 650-433-5800,http://www.linkedin.com/in/wahiba-semlali-911a06242,Saucey,England,United Kingdom,https://saucey.com,Nicotine,Apollo,,http://www.linkedin.com/company/saucey,http://facebook.com/SauceyApp,http://twitter.com/SauceyApp
Soumya,Bose,Professional Marketing Executive,soumya.bose@jbpharma.com,+91 22243 95200,http://www.linkedin.com/in/soumya-bose-41b5a7116,JB,West Bengal,India,https://jbpharma.com,Nicotine,Apollo,,http://www.linkedin.com/company/jbpharma,https://www.facebook.com/OneJBglobal,https://twitter.com/OneJBglobal
Bastien,Assael,Co-Founder & CEO,bastien@unicornvape.com,,http://www.linkedin.com/in/bpassael,Unicorn Vape,Bangkok,Thailand,https://unicornvape.com,Nicotine,Apollo,,http://www.linkedin.com/company/unicorn-vape,https://facebook.com/pages/Unicorn-Vape/1463818860567505,https://twitter.com/unicornvape
Parv,Pickering,Marketing Project Executive,parv.pickering@uk.imptob.com,+44 117 963 6636,http://www.linkedin.com/in/parv-pickering-351b791b5,Imperial Brands PLC,England,United Kingdom,https://imperialbrandsplc.com,Nicotine,Apollo,,http://www.linkedin.com/company/imperial-brands-plc,http://www.facebook.com/blupeapp,http://www.twitter.com/MrBlupe
Fedor,Rachkov,Co-founder,frachkov@inflave.com,+7 931 521-44-07,http://www.linkedin.com/in/fedor-rachkov-b421a5128,INFLAVE,Dubai,United Arab Emirates,https://inflave.com,Nicotine,Apollo,,http://www.linkedin.com/company/inflave,,
Jennifer,Callaghan,Marketing Strategist Innovation,jcallag1@kenvue.com,+1 908-874-1200,http://www.linkedin.com/in/jennifer-sheehan-callaghan-2b80685,Kenvue,Pennsylvania,United States,https://kenvue.com,Nicotine,Apollo,,http://www.linkedin.com/company/kenvue,https://facebook.com/Kenvue,https://twitter.com/kenvue
Saku,Koponell,Co-Founder,saku@premiumpouchglobal.com,+358 40 1783361,http://www.linkedin.com/in/saku-koponell,Premium Pouch Global,Uusimaa,Finland,https://premiumpouchglobal.com,Nicotine,Apollo,,http://www.linkedin.com/company/premium-pouch-global,,
Erwin,Malope,Marketer,erwin_malope@bat.com,+44 20 7845 1000,http://www.linkedin.com/in/erwin-malope-1764291a5,BAT,Mpumalanga,South Africa,https://bat.com,Nicotine,Apollo,,http://www.linkedin.com/company/british-american-tobacco,https://facebook.com/batcareers,https://twitter.com/batplc
Benjamin,Chukwuemeka,Aveeno Brand Marketing Executive,bchukw01@kenvue.com,+1 908-874-1200,http://www.linkedin.com/in/benjamin-chukwuemeka,Kenvue,England,United Kingdom,https://kenvue.com,Nicotine,Apollo,,http://www.linkedin.com/company/kenvue,https://facebook.com/Kenvue,https://twitter.com/kenvue
Jugtar,Landa,Co-founder,jugtar@tidalvape.co.uk,+44 23 8055 3111,http://www.linkedin.com/in/jugtar-landa-7577987a,Tidal Vape,England,United Kingdom,https://tidalvape.co.uk,Nicotine,Apollo,,http://www.linkedin.com/company/tidal-vape-uk,,
Beatriz,Olivares Betore,Head of Marketing & Business Unit Leader Cough & Cold - South Europe Cluster,bolivare@kenvue.com,+1 908-874-1200,http://www.linkedin.com/in/beatriz-olivares-betor%c3%a9-10409649,Kenvue,Community of Madrid,Spain,https://kenvue.com,Nicotine,Apollo,,http://www.linkedin.com/company/kenvue,https://facebook.com/Kenvue,https://twitter.com/kenvue
Amanda,Wang,Marketing Specialist,amanda.wang@jwei.com,+86 519 8188 2200,http://www.linkedin.com/in/amandaecig,JWEI Group,Guangdong,China,https://jwei.com,Nicotine,Apollo,,http://www.linkedin.com/company/jweigroup,,
Bo,Peng,Digital Marketing Specialist,boomber.peng@heavengifts.com,01254 949748,http://www.linkedin.com/in/bo-peng-3aaaa0329,Heaven Gifts,Guangdong,China,https://heavengifts.com,Nicotine,Apollo,,http://www.linkedin.com/company/heaven-gifts,https://facebook.com/heavengiftscom,https://twitter.com/HeavenGiftsCom
Valentine,Dassouki,Content Marketing Lead Latam,vdasso01@kenvue.com,+1 908-874-1200,http://www.linkedin.com/in/valentine-dassouki-11069546,Kenvue,State of Sao Paulo,Brazil,https://kenvue.com,Nicotine,Apollo,,http://www.linkedin.com/company/kenvue,https://facebook.com/Kenvue,https://twitter.com/kenvue
Katarzyna,Zarzeczna,Content Marketing Specialist,k.zarzeczna@chemnovatic.com,+48 81 475 44 42,http://www.linkedin.com/in/katarzyna-zarzeczna,Chemnovatic,Lublin Voivodeship,Poland,https://chemnovatic.com,Nicotine,Apollo,,http://www.linkedin.com/company/chemnovatic,,
Christiaan,Krone,Strategic Marketing,christiaan_krone@bat.com,+44 20 7845 1000,http://www.linkedin.com/in/christiaan-krone-0363ba6a,BAT,England,United Kingdom,https://bat.com,Nicotine,Apollo,,http://www.linkedin.com/company/british-american-tobacco,https://facebook.com/batcareers,https://twitter.com/batplc
Litzy,Duque,IDT Application Support Analyst for Marketing,litzy_danneth_duque@bat.com,+44 20 7845 1000,http://www.linkedin.com/in/litzy-duque-gonzalez-ab748b174,BAT,Nuevo Leon,Mexico,https://bat.com,Nicotine,Apollo,,http://www.linkedin.com/company/british-american-tobacco,https://facebook.com/batcareers,https://twitter.com/batplc
Milan,Mijatovic,Digital Marketing Senior Executive SEE,milan.mijatovic@pmi.com,+420 266 702 111,http://www.linkedin.com/in/milan-mijatovic-352b2220,Philip Morris International,,Serbia,https://pmi.com,Nicotine,Apollo,,http://www.linkedin.com/company/insidepmi,https://www.facebook.com/insidePMI/,https://twitter.com/insidePMI
Sergiu,Indrei,Head CC Marketing Romania,sergiu.indrei@pmi.com,+420 266 702 111,http://www.linkedin.com/in/sergiu-indrei-75233097,Philip Morris International,,Romania,https://pmi.com,Nicotine,Apollo,,http://www.linkedin.com/company/insidepmi,https://www.facebook.com/insidePMI/,https://twitter.com/insidePMI
Nino,Mirtskhulava,Marketing Executive,nino.mirtskhulava@contracted.pmi.com,+420 266 702 111,http://www.linkedin.com/in/nino-mirtskhulava-2958171a8,Philip Morris International,Tbilisi,Georgia,https://pmi.com,Nicotine,Apollo,,http://www.linkedin.com/company/insidepmi,https://www.facebook.com/insidePMI/,https://twitter.com/insidePMI
Tereza,Rajkova,Marketing Lead,tereza.rajkova@pmi.com,+420 266 702 111,http://www.linkedin.com/in/tereza-rajkov%c3%a1-020997149,Philip Morris International,,Czechia,https://pmi.com,Nicotine,Apollo,,http://www.linkedin.com/company/insidepmi,https://www.facebook.com/insidePMI/,https://twitter.com/insidePMI
Simon,Schwarz,Oral Smokeless Marketing Lead,simon.schwarz@pmi.com,+420 266 702 111,http://www.linkedin.com/in/simon-schwarz-5489a51b6,Philip Morris International,Vienna,Austria,https://pmi.com,Nicotine,Apollo,,http://www.linkedin.com/company/insidepmi,https://www.facebook.com/insidePMI/,https://twitter.com/insidePMI
Brittany,Calissi,Global Marketing Director Neutrogena Acne & Body,bcalissi@kenvue.com,+1 908-874-1200,http://www.linkedin.com/in/brittany-calissi-b9033364,Kenvue,New Jersey,United States,https://kenvue.com,Nicotine,Apollo,,http://www.linkedin.com/company/kenvue,https://facebook.com/Kenvue,https://twitter.com/kenvue
Carol,Williams,CEO,carol.williams@ecblend.com,+1 541-393-9840,http://www.linkedin.com/in/carol-williams-23796665,ECBlend,Oregon,United States,https://ecblendflavors.com,Nicotine,Apollo,,http://www.linkedin.com/company/ecblend,,
Sane,Mbhele,Head of Marketing - Essential Health Ramet Cluster,smbhele@kenvue.com,+1 908-874-1200,http://www.linkedin.com/in/san%c3%a9-mbhele-passionate-brand-builder,Kenvue,Western Cape,South Africa,https://kenvue.com,Nicotine,Apollo,,http://www.linkedin.com/company/kenvue,https://facebook.com/Kenvue,https://twitter.com/kenvue
David,Donaghy,Head of Creative Marketing,davidd@bemoreriot.com,+44 190 822 9934,http://www.linkedin.com/in/david-donaghy,Riot Labs,England,United Kingdom,https://rioteliquid.com,Nicotine,Apollo,,http://www.linkedin.com/company/riotlabsltd,https://www.facebook.com/rioteliquid,https://www.twitter.com/rioteliquid
Lisa,Thompson,Direct Marketing Supervisor,lthompson@schosp.org,+46 10 139 30 00,http://www.linkedin.com/in/lisa-thompson-7218b7132,Swedish Match,Kentucky,United States,https://swedishmatch.com,Nicotine,Apollo,,http://www.linkedin.com/company/swedish-match,https://facebook.com/snus.swedishmatch/,https://twitter.com/Swedish_Match
Gurseet,Singh,Founder & CEO,gurseet@smotect.com,,http://www.linkedin.com/in/gurseetsingh,Smotect Azaadi,Maharashtra,India,https://smotect.com,Nicotine,Apollo,,http://www.linkedin.com/company/smotectazaadi,,
Paul,Archer,Head of Marketing Central Europe,parcher1@kenvue.com,+1 908-874-1200,http://www.linkedin.com/in/paul-archer-47378a27,Kenvue,North Rhine-Westphalia,Germany,https://kenvue.com,Nicotine,Apollo,,http://www.linkedin.com/company/kenvue,https://facebook.com/Kenvue,https://twitter.com/kenvue
Mariana,De La Vega,Shoppper Marketing Coordinator,mgalin13@kenvue.com,+1 908-874-1200,http://www.linkedin.com/in/mariana-galindo-de-la-vega-33552b175,Kenvue,,Mexico,https://kenvue.com,Nicotine,Apollo,,http://www.linkedin.com/company/kenvue,https://facebook.com/Kenvue,https://twitter.com/kenvue
Daphna,Goshen,Marketing Lead,dgoshen@kenvue.com,+1 908-874-1200,http://www.linkedin.com/in/daphna-goshen-309b643,Kenvue,Center District,Israel,https://kenvue.com,Nicotine,Apollo,,http://www.linkedin.com/company/kenvue,https://facebook.com/Kenvue,https://twitter.com/kenvue
Gavin,O'Dowd,CEO,gavin.odowd@hayppgroup.com,+46 708 15 39 83,http://www.linkedin.com/in/gavin-o-dowd-072b221b,Haypp Group,,Sweden,https://hayppgroup.com,Nicotine,Apollo,,http://www.linkedin.com/company/haypp-group,,https://twitter.com/HayppGroup
Cynthia,Marin,Global Marketing Director Neutrogena,cmarin8@kenvue.com,+1 908-874-1200,http://www.linkedin.com/in/cynthia-brombergmarin,Kenvue,,United States,https://kenvue.com,Nicotine,Apollo,,http://www.linkedin.com/company/kenvue,https://facebook.com/Kenvue,https://twitter.com/kenvue
Lucas,Doll,Marketing Management,lucas_doll@bat.com,+44 20 7845 1000,http://www.linkedin.com/in/lucas-j-doll,BAT,,Germany,https://bat.com,Nicotine,Apollo,,http://www.linkedin.com/company/british-american-tobacco,https://facebook.com/batcareers,https://twitter.com/batplc
Shreyas,Khanore,Founder,shreyas@mydrags.com,,http://www.linkedin.com/in/shreyas-khanore,Drag - Natural Cannabis Alternatives,Karnataka,India,https://mydrags.com,Nicotine,Apollo,,http://www.linkedin.com/company/dragstore,,
Adrian,Everett,CEO & Chairman,adrian@everettworld.com,+44 20 4538 8876,http://www.linkedin.com/in/adrian-everett-87074415b,NEAFS,,United Kingdom,https://neafs.com,Nicotine,Apollo,,http://www.linkedin.com/company/neafs,https://www.facebook.com/neafsofficial/,
George,Michalopoulos,CEO,george@vitaminvape.co,+1 612-351-1595,http://www.linkedin.com/in/george-michalopoulos-ba78631a2,VitaminVape,California,United States,https://vitaminvape.co,Nicotine,Apollo,,http://www.linkedin.com/company/vitamin-vape,https://www.facebook.com/vitaminvape,https://twitter.com/VitaminVape
Hayley,Allan,Head of Marketing Studio & Outreach,hayley.allan@vapedinnerlady.com,+44 125 486 5915,http://www.linkedin.com/in/hayley-allan-2ab91890,Vape Dinner Lady,England,United Kingdom,https://vapedinnerlady.com,Nicotine,Apollo,,http://www.linkedin.com/company/vape-dinner-lady,https://facebook.com/vapedl,https://twitter.com/dinnerladyuk
David,Rivera,Marketing D2C,david_rivera@bat.com,+44 20 7845 1000,http://www.linkedin.com/in/david-rivera-a2780619,BAT,Nuevo Leon,Mexico,https://bat.com,Nicotine,Apollo,,http://www.linkedin.com/company/british-american-tobacco,https://facebook.com/batcareers,https://twitter.com/batplc
David,Urbiss,Marketing Specialist,durbiss@drinkarizona.com,+1 866-328-2485,http://www.linkedin.com/in/david-urbiss-87b73b71,ITG Brands,Florida,United States,https://itgbrands.com,Nicotine,Apollo,,http://www.linkedin.com/company/itg-brands,,
Suzanna,Shaw,"Director - Brand Marketing, Newport",roemers@rjrt.com,+1 336-741-2000,http://www.linkedin.com/in/suzannaroemer,Reynolds American Inc.,North Carolina,United States,https://reynoldsamerican.com,Nicotine,Apollo,,http://www.linkedin.com/company/reynoldsamericaninc,,
Scarlett,Zhang,Head of Marketing,scarlett.zhang@pmi.com,+420 266 702 111,http://www.linkedin.com/in/scarlett-zhang-53172baa,Philip Morris International,Beijing,China,https://pmi.com,Nicotine,Apollo,,http://www.linkedin.com/company/insidepmi,https://www.facebook.com/insidePMI/,https://twitter.com/insidePMI
Bahadir,Elezoglu,"Head of Marketing - Smoke Free Products (IQOS) - Brand Strategy, Engagement and Content",bahadir.elezoglu@pmi.com,+420 266 702 111,http://www.linkedin.com/in/bahadir-elezoglu-925b7b12,Philip Morris International,Istanbul,Turkey,https://pmi.com,Nicotine,Apollo,,http://www.linkedin.com/company/insidepmi,https://www.facebook.com/insidePMI/,https://twitter.com/insidePMI
Amari,Korpal,Senior Brand Marketing Specialist,amari.korpal@pmi.com,+420 266 702 111,http://www.linkedin.com/in/amari-k,Philip Morris International,England,United Kingdom,https://pmi.com,Nicotine,Apollo,,http://www.linkedin.com/company/insidepmi,https://www.facebook.com/insidePMI/,https://twitter.com/insidePMI
Matthew,Halvorson,Co-Founder,matthew@streamlinevape.com,+1 714-823-3750,http://www.linkedin.com/in/matthew-halvorson-7a2875128,Streamline Group,California,United States,https://streamlinegroup.io,Nicotine,Apollo,,http://www.linkedin.com/company/streamline-group-inc,,
Jackie,Ziegler,VP Marketing,jziegler@swisher.com,+1 800-874-9720,http://www.linkedin.com/in/jackie-ziegler-83012859,Swisher,Florida,United States,https://swisher.com,Nicotine,Apollo,,http://www.linkedin.com/company/swishercompany,https://facebook.com/swishercompany,https://twitter.com/swishercompany
Ilana,Roby,Global Innovation & Marketing - Aveeno & Lubriderm,iroby01@kenvue.com,+1 908-874-1200,http://www.linkedin.com/in/ilana-roby,Kenvue,New York,United States,https://kenvue.com,Nicotine,Apollo,,http://www.linkedin.com/company/kenvue,https://facebook.com/Kenvue,https://twitter.com/kenvue
Xavier,Maurel,Directeur de Projet Marketing,x.maurel@solutionsboutiques.fr,+33 4 92 12 58 99,http://www.linkedin.com/in/xavier-maurel-655074134,SOFTYS - SOLUTIONS BOUTIQUES,,France,https://solutionsboutiques.fr,Nicotine,Apollo,,http://www.linkedin.com/company/solutions-boutiques---softys,https://www.facebook.com/SoftysSolutionsBoutiques,https://twitter.com/solutionsboutik
Abhijeet,Welkar,Professional Marketing Executive,abhijeet.welkar@jbpharma.com,+91 22243 95200,http://www.linkedin.com/in/abhijeet-welkar-a85b05126,JB,Maharashtra,India,https://jbpharma.com,Nicotine,Apollo,,http://www.linkedin.com/company/jbpharma,https://www.facebook.com/OneJBglobal,https://twitter.com/OneJBglobal
Sunil,Jadhav,Professional Marketing Executive,sunil.jadhav@jbpharma.com,+91 22243 95200,http://www.linkedin.com/in/sunil-jadhav-466863157,JB,Maharashtra,India,https://jbpharma.com,Nicotine,Apollo,,http://www.linkedin.com/company/jbpharma,https://www.facebook.com/OneJBglobal,https://twitter.com/OneJBglobal
Ciara,Browning,Website and Marketing Coordinator,ciara@ultimatejuice.co.uk,+44 800 161 3244,http://www.linkedin.com/in/ciara-browning-622ba3b6,Ultimate_Juice,England,United Kingdom,https://ultimatejuice.co.uk,Nicotine,Apollo,,http://www.linkedin.com/company/ultimate-juice-ltd,https://www.facebook.com/ultimatejuice/,https://twitter.com/Ultimate_Juice
Mustapha,Iskandar,Supervisor Brand Marketing,mustapha.iskandar@pmi.com,+420 266 702 111,http://www.linkedin.com/in/mustapha-iskandar,Philip Morris International,Beirut Governorate,Lebanon,https://pmi.com,Nicotine,Apollo,,http://www.linkedin.com/company/insidepmi,https://www.facebook.com/insidePMI/,https://twitter.com/insidePMI
Sejad,Haider,Chief Marketing Officer,sejad.haider@snusvikings.com,+44 20 7946 0018,http://www.linkedin.com/in/sejad-haider-069a81383,Snus Vikings,England,United Kingdom,https://snusvikings.co.uk,Nicotine,Apollo,,http://www.linkedin.com/company/snus-vikings,,https://twitter.com/snusvikings
Jonathan,Halvorson,Chief Digital & Marketing Officer,jhalvo01@kenvue.com,+1 908-874-1200,http://www.linkedin.com/in/jonathanhalvorson,Kenvue,New York,United States,https://kenvue.com,Nicotine,Apollo,,http://www.linkedin.com/company/kenvue,https://facebook.com/Kenvue,https://twitter.com/kenvue
Piyush,Chhabra,Founder,piyush@meaame.com,,http://www.linkedin.com/in/piyushthc,Organic Smokes,Delhi,India,https://organicsmokes.co,Nicotine,Apollo,,http://www.linkedin.com/company/organicsmokes,,
Christine,McKnight,Digital Marketing Strategy & Analytics,cmcknig1@kenvue.com,+1 908-874-1200,http://www.linkedin.com/in/christinemcknightnj,Kenvue,Pennsylvania,United States,https://kenvue.com,Nicotine,Apollo,,http://www.linkedin.com/company/kenvue,https://facebook.com/Kenvue,https://twitter.com/kenvue
Coni,Leung,Marketing Strategy,coni_leung@bat.com,+44 20 7845 1000,http://www.linkedin.com/in/coni-leung-68644690,BAT,,Hong Kong,https://bat.com,Nicotine,Apollo,,http://www.linkedin.com/company/british-american-tobacco,https://facebook.com/batcareers,https://twitter.com/batplc
Shane,Titus,Chief Executive Officer,shane@alldayvapes.ca,+1 778-277-0050,http://www.linkedin.com/in/shane-titus-8107b51aa,All Day Vapes,British Columbia,Canada,https://alldayvapes.ca,Nicotine,Apollo,,http://www.linkedin.com/company/all-day-vapes,,
Laura,Cope,Head of Marketing,laura.cope@aquavape.co.uk,+44 173 366 6441,http://www.linkedin.com/in/laura-c-46828023,AquaVape,England,United Kingdom,https://aquavape.co.uk,Nicotine,Apollo,,http://www.linkedin.com/company/aquavape,https://www.facebook.com/AquavapeUK/,https://twitter.com/AquaVapeUK
Aman,Jain,Professional Marketing Executive,aman.jain@jbpharma.com,+91 22243 95200,http://www.linkedin.com/in/aman-jain-b5a8071ab,JB,Delhi,India,https://jbpharma.com,Nicotine,Apollo,,http://www.linkedin.com/company/jbpharma,https://www.facebook.com/OneJBglobal,https://twitter.com/OneJBglobal
Pamela,Bell,Senior Marketing & Regulatory Counsel,pamela.bell@uk.imptob.com,+44 117 963 6636,http://www.linkedin.com/in/pamela-bell-2429a337,Imperial Brands PLC,England,United Kingdom,https://imperialbrandsplc.com,Nicotine,Apollo,,http://www.linkedin.com/company/imperial-brands-plc,http://www.facebook.com/blupeapp,http://www.twitter.com/MrBlupe
Ken,Dawson,Founding Member/Executive VP of Marketing,ken@fullyloadedchew.com,,http://www.linkedin.com/in/ken-dawson-1a085214,Fully Loaded Chew,Ohio,United States,https://fullyloadedchew.com,Nicotine,Apollo,,http://www.linkedin.com/company/fully-loaded-chew,,
Klara,Crnogorac,Marketing,klara_crnogorac@bat.com,+44 20 7845 1000,http://www.linkedin.com/in/klara-crnogorac-05b42020b,BAT,,United Kingdom,https://bat.com,Nicotine,Apollo,,http://www.linkedin.com/company/british-american-tobacco,https://facebook.com/batcareers,https://twitter.com/batplc
Shaohan,Jia,Marketing Systems Coordinator,shaohan_jia@bat.com,+44 20 7845 1000,http://www.linkedin.com/in/shaohan-jia-2815581b3,BAT,Quebec,Canada,https://bat.com,Nicotine,Apollo,,http://www.linkedin.com/company/british-american-tobacco,https://facebook.com/batcareers,https://twitter.com/batplc
Irma,Nohemi Martinez,Global Product & Business | Marketing Platforms (tech),irma_nohemi_martinez@bat.com,+44 20 7845 1000,http://www.linkedin.com/in/irma-nohem%c3%ad-mart%c3%adnez-296804102,BAT,Nuevo Leon,Mexico,https://bat.com,Nicotine,Apollo,,http://www.linkedin.com/company/british-american-tobacco,https://facebook.com/batcareers,https://twitter.com/batplc
Fabian,Hoen,Global Head of Marketing Services,fabian_hoen@bat.com,+44 20 7845 1000,http://www.linkedin.com/in/fabian-hoen-46995541,BAT,North Holland,Netherlands,https://bat.com,Nicotine,Apollo,,http://www.linkedin.com/company/british-american-tobacco,https://facebook.com/batcareers,https://twitter.com/batplc
Abhinav,Bhayana,Global Products Lead - Revenue Growth and Marketing Effectiveness,abhinav_bhayana@bat.com,+44 20 7845 1000,http://www.linkedin.com/in/abhinav-bhayana-85b7b035,BAT,England,United Kingdom,https://bat.com,Nicotine,Apollo,,http://www.linkedin.com/company/british-american-tobacco,https://facebook.com/batcareers,https://twitter.com/batplc
Rodrigo,Vasko,Marketing Project Executive,rodrigo.vasko@pmi.com,+420 266 702 111,http://www.linkedin.com/in/rodrigo-vasko-b563a2121,Philip Morris International,Buenos Aires Province,Argentina,https://pmi.com,Nicotine,Apollo,,http://www.linkedin.com/company/insidepmi,https://www.facebook.com/insidePMI/,https://twitter.com/insidePMI
Usman,Qureshi,Director Marketing & Digital,usman.qureshi@pmi.com,+420 266 702 111,http://www.linkedin.com/in/usmanqureshi3,Philip Morris International,Selangor,Malaysia,https://pmi.com,Nicotine,Apollo,,http://www.linkedin.com/company/insidepmi,https://www.facebook.com/insidePMI/,https://twitter.com/insidePMI
Valerie,Hennemann,Marketing Director,valerie.hennemann@pmi.com,+420 266 702 111,http://www.linkedin.com/in/valeriehennemann,Philip Morris International,Vaud,Switzerland,https://pmi.com,Nicotine,Apollo,,http://www.linkedin.com/company/insidepmi,https://www.facebook.com/insidePMI/,https://twitter.com/insidePMI
Fahad,Ahmed,Head-Digital Marketing & Products - Smoke Free Portfolio,fahad.ahmed@pmi.com,+420 266 702 111,http://www.linkedin.com/in/fahad-ahmed-79495830,Philip Morris International,,Pakistan,https://pmi.com,Nicotine,Apollo,,http://www.linkedin.com/company/insidepmi,https://www.facebook.com/insidePMI/,https://twitter.com/insidePMI
Christina,Louis,Marketing & Digital Administrator,christinamarie.louis@pmi.com,+420 266 702 111,http://www.linkedin.com/in/christina-marie-louis-74034a159,Philip Morris International,,Malaysia,https://pmi.com,Nicotine,Apollo,,http://www.linkedin.com/company/insidepmi,https://www.facebook.com/insidePMI/,https://twitter.com/insidePMI
Adrian,Diaz,Marketing Portfolio Executive,adrian.diaz@pmi.com,+420 266 702 111,http://www.linkedin.com/in/adrian-diaz-32b027193,Philip Morris International,,Argentina,https://pmi.com,Nicotine,Apollo,,http://www.linkedin.com/company/insidepmi,https://www.facebook.com/insidePMI/,https://twitter.com/insidePMI
Adrienne,Sletten,"Director, Head of Executive Office, Office of the CEO",adrienne.sletten@juul.com,+1 415-829-2336,http://www.linkedin.com/in/adrienne-sletten-803,Juul Labs,California,United States,https://juullabs.com,Nicotine,Apollo,,http://www.linkedin.com/company/juul-labs,,https://twitter.com/juulvapor
Anna,Chornovil,Global Head of IQOS Product Marketing,anna.chornovil@pmi.com,+420 266 702 111,http://www.linkedin.com/in/annatantsyura,Philip Morris International,Vaud,Switzerland,https://pmi.com,Nicotine,Apollo,,http://www.linkedin.com/company/insidepmi,https://www.facebook.com/insidePMI/,https://twitter.com/insidePMI
Xhiomeda,Metko,Marketing Executive,xhiomeda.metko@pmi.com,+420 266 702 111,http://www.linkedin.com/in/xhiomeda-metko-msc-642232116,Philip Morris International,,Albania,https://pmi.com,Nicotine,Apollo,,http://www.linkedin.com/company/insidepmi,https://www.facebook.com/insidePMI/,https://twitter.com/insidePMI
Burak,Eyiol,Senior Marketing Specialist,burak.eyiol@pmi.com,+420 266 702 111,http://www.linkedin.com/in/burak-eyiol-854250251,Philip Morris International,,Turkey,https://pmi.com,Nicotine,Apollo,,http://www.linkedin.com/company/insidepmi,https://www.facebook.com/insidePMI/,https://twitter.com/insidePMI
Katarina,Mitrovic,Digital Marketing Specialist,katarina.mitrovic@contracted.pmi.com,+420 266 702 111,http://www.linkedin.com/in/mitrovickatarina,Philip Morris International,,Serbia,https://pmi.com,Nicotine,Apollo,,http://www.linkedin.com/company/insidepmi,https://www.facebook.com/insidePMI/,https://twitter.com/insidePMI
Joe,Deighan,Founder: Beyond Tobacco™ at Taat Global (cse:taat Otc:tobaf),joe@taatusa.com,+1 833-822-8872,http://www.linkedin.com/in/joe-deighan-3129434b,TAAT Global (CSE:TAAT OTC:TOBAF),Nevada,United States,https://taatglobal.com,Nicotine,Apollo,,http://www.linkedin.com/company/taatglobal,https://www.facebook.com/taatglobal/,https://twitter.com/taatglobal
Rasmus,Bjork,Co-founder,rasmus@vapes.se,,http://www.linkedin.com/in/rasmus-bj%c3%b6rk-947119295,Vapes Lidköping AB (Vapes.se),Vaestra Goetaland County,Sweden,https://vapes.se,Nicotine,Apollo,,http://www.linkedin.com/company/vapes-sweden-hb,https://www.facebook.com/vapes.se,
Dan,Ganon,CEO,direction@aromazon.fr,+33 9 70 94 36 59,http://www.linkedin.com/in/dan-ganon-55916ba7,Aromazon,Provence-Alpes-Cote d'Azur,France,https://aromazon.fr,Nicotine,Apollo,,http://www.linkedin.com/company/multivap-fr,https://www.facebook.com/aromazon.fr,
Jake,Addison,Marketing Director,jake@thebrewsbros.co.uk,,http://www.linkedin.com/in/jake-addison-525b73193,The Brews Bros Ltd,England,United Kingdom,https://thebrewsbros.co.uk,Nicotine,Apollo,,http://www.linkedin.com/company/thebrewsbros,,https://twitter.com/TheBrewsBrosLtd
Ellen,Antrobus,"Marketing Director (Squad Director) Pain, Cough Cold, Allergy & Digestive Health Northern Europe",eantrobu@kenvue.com,+1 908-874-1200,http://www.linkedin.com/in/ellen-antrobus-b77a0a1b,Kenvue,England,United Kingdom,https://kenvue.com,Nicotine,Apollo,,http://www.linkedin.com/company/kenvue,https://facebook.com/Kenvue,https://twitter.com/kenvue
Angie,Rady,Director Brand Marketing,angie.rady@pmi.com,+420 266 702 111,http://www.linkedin.com/in/angie-rady-270a1614,Philip Morris International,Dubai,United Arab Emirates,https://pmi.com,Nicotine,Apollo,,http://www.linkedin.com/company/insidepmi,https://www.facebook.com/insidePMI/,https://twitter.com/insidePMI
Yana,Kalinina,Marketing Specialist,y.kalinina@nicotobacco.eu,+48 66 010 60 83,http://www.linkedin.com/in/yana-kalinina-902369aa,Nicotobacco Factory,Masovian Voivodeship,Poland,https://nicotobacco.eu,Nicotine,Apollo,,http://www.linkedin.com/company/nicotobacco-factory,https://facebook.com/profile.php,
Mateusz,Nakoneczny,Head of Marketing,m.nakoneczny@liquider.eu,,http://www.linkedin.com/in/mateusznakoneczny,Liquider Poland,Greater Poland Voivodeship,Poland,https://liquider.eu,Nicotine,Apollo,,http://www.linkedin.com/company/liquider-poland,,
Carlos,Cabrera Breton,Founder & Managing Director,carlos.cabrera@cablab.es,,http://www.linkedin.com/in/carlos-cabrera-bret%c3%b3n-42865251,CabLab Law & Advocacy,,Spain,https://cablab.es,Nicotine,Apollo,,http://www.linkedin.com/company/cablablawadvocacy,,
Karina,Yuldasheva,Sr Specialist Brand Marketing ZYN,karina.yuldasheva@pmi.com,+420 266 702 111,http://www.linkedin.com/in/karinayuldasheva,Philip Morris International,,Switzerland,https://pmi.com,Nicotine,Apollo,,http://www.linkedin.com/company/insidepmi,https://www.facebook.com/insidePMI/,https://twitter.com/insidePMI
Alessio,Martini,Head of Marketing - South East Europe,alessio.martini@impbrands.com,+44 117 963 6636,http://www.linkedin.com/in/alessio-martini-6baa7a5,Imperial Brands PLC,Lazio,Italy,https://imperialbrandsplc.com,Nicotine,Apollo,,http://www.linkedin.com/company/imperial-brands-plc,http://www.facebook.com/blupeapp,http://www.twitter.com/MrBlupe
Ela,Dekankova,Marketing Lead,ela.dekankova@seasy.at,+420 266 702 111,http://www.linkedin.com/in/ela-dekankova,Philip Morris International,Vienna,Austria,https://pmi.com,Nicotine,Apollo,,http://www.linkedin.com/company/insidepmi,https://www.facebook.com/insidePMI/,https://twitter.com/insidePMI
Alan,Pisakhov,Chief Executive Officer,alan@apvapeshop.com,,http://www.linkedin.com/in/alan-pisakhov-983803205,Apvapeshop,,United States,https://apvapeshop.com,Nicotine,Apollo,,http://www.linkedin.com/company/apvapeshop,,https://twitter.com/apvapeshop
Mathieu,Nadon,Executive Vice President Marketing - Canada,mathieu_nadon@bat.com,+44 20 7845 1000,http://www.linkedin.com/in/mathieu-nadon-7b37389,BAT,Quebec,Canada,https://bat.com,Nicotine,Apollo,,http://www.linkedin.com/company/british-american-tobacco,https://facebook.com/batcareers,https://twitter.com/batplc
Shoaib,Ali,Digital Marketing BA Combustibles & B2B,shoaib_ali@bat.com,+44 20 7845 1000,http://www.linkedin.com/in/shoaib-ali-32538936,BAT,New South Wales,Australia,https://bat.com,Nicotine,Apollo,,http://www.linkedin.com/company/british-american-tobacco,https://facebook.com/batcareers,https://twitter.com/batplc
Tadeu,Marroco,Chief Executive Officer,tadeu_marroco@bat.com,+44 20 7845 1000,http://www.linkedin.com/in/tadeumarroco,BAT,England,United Kingdom,https://bat.com,Nicotine,Apollo,,http://www.linkedin.com/company/british-american-tobacco,https://facebook.com/batcareers,https://twitter.com/batplc
Solenn,Bachmann,HnB Brand Marketing Senior Specialist,solenn.bachmann@pmi.com,+420 266 702 111,http://www.linkedin.com/in/solenn-bachmann-141265bb,Philip Morris International,Ile-de-France,France,https://pmi.com,Nicotine,Apollo,,http://www.linkedin.com/company/insidepmi,https://www.facebook.com/insidePMI/,https://twitter.com/insidePMI
Vera,Lammel,Marketing Executive - Heat not Burn (IQOS),vera.lammel@pmi.com,+420 266 702 111,http://www.linkedin.com/in/vera-lammel-635393156,Philip Morris International,Vienna,Austria,https://pmi.com,Nicotine,Apollo,,http://www.linkedin.com/company/insidepmi,https://www.facebook.com/insidePMI/,https://twitter.com/insidePMI
Werner,Barth,President Combustibles Category & Global Combustibles Marketing,werner.barth@pmi.com,+420 266 702 111,http://www.linkedin.com/in/werner-barth-8993a11ba,Philip Morris International,Vaud,Switzerland,https://pmi.com,Nicotine,Apollo,,http://www.linkedin.com/company/insidepmi,https://www.facebook.com/insidePMI/,https://twitter.com/insidePMI
Marta,Castro,Brand Marketing Specialist,marta.castro@pmi.com,+420 266 702 111,http://www.linkedin.com/in/martamcastro,Philip Morris International,,Portugal,https://pmi.com,Nicotine,Apollo,,http://www.linkedin.com/company/insidepmi,https://www.facebook.com/insidePMI/,https://twitter.com/insidePMI
Juan,Rosario,Marketing,juan.rosario@pmi.com,+420 266 702 111,http://www.linkedin.com/in/juan-m-rosario-1b53b298,Philip Morris International,,Dominican Republic,https://pmi.com,Nicotine,Apollo,,http://www.linkedin.com/company/insidepmi,https://www.facebook.com/insidePMI/,https://twitter.com/insidePMI
Adam,Reiter,"Senior Director Brand Marketing, MMC",adam.reiter@itgbrands.com,+1 866-328-2485,http://www.linkedin.com/in/adamreiter,ITG Brands,Texas,United States,https://itgbrands.com,Nicotine,Apollo,,http://www.linkedin.com/company/itg-brands,,
Kellie,Rogers,CEO/Founder,kellie@juicityvapor.com,+1 307-789-0255,http://www.linkedin.com/in/kellie-rogers-747398131,Juicity Vapor,Wyoming,United States,https://juicityvapor.com,Nicotine,Apollo,,http://www.linkedin.com/company/juicity-vapor,,
Aylin,Cetinkol,Marketing Executive SFP,aylin.topcu@pmi.com,+420 266 702 111,http://www.linkedin.com/in/aylin-topcu-at58,Philip Morris International,Flanders,Belgium,https://pmi.com,Nicotine,Apollo,,http://www.linkedin.com/company/insidepmi,https://www.facebook.com/insidePMI/,https://twitter.com/insidePMI
Muskilda,Eguzkitza,Marketing Director | Southern Europe & France,meguzkit@kenvue.com,+1 908-874-1200,http://www.linkedin.com/in/muskildaeguzkitza,Kenvue,,Spain,https://kenvue.com,Nicotine,Apollo,,http://www.linkedin.com/company/kenvue,https://facebook.com/Kenvue,https://twitter.com/kenvue
Andrew,Pruette,Senior Marketing Project Lead,andrew_pruette@bat.com,+44 20 7845 1000,http://www.linkedin.com/in/andrewpruette,BAT,England,United Kingdom,https://bat.com,Nicotine,Apollo,,http://www.linkedin.com/company/british-american-tobacco,https://facebook.com/batcareers,https://twitter.com/batplc
Abdul,Khan,Head of Marketing,abdul@eluxtech.com,,http://www.linkedin.com/in/abdul-khan-b89881a6,ELUX Tech Official,England,United Kingdom,https://eluxtech.com,Nicotine,Apollo,,http://www.linkedin.com/company/eluxtech,,
Angelique,Paget,Chargée de Marketing Produits,angelique.paget@airmust.com,+33 1 84 23 73 44,http://www.linkedin.com/in/ang%c3%a9lique-paget-1b8046176,Airmust e-liquide,Centre,France,https://airmust.com,Nicotine,Apollo,,http://www.linkedin.com/company/airmust-eliquide,https://facebook.com/SmokyShopParis,
Dino,Baccari,Founder,dino@vapewh.com,+1 401-353-3232,http://www.linkedin.com/in/dino-baccari-a04a2a126,White Horse Vapor,Rhode Island,United States,https://vapewh.com,Nicotine,Apollo,,http://www.linkedin.com/company/white-horse-vapor,https://facebook.com/whitehorsevapor,https://twitter.com/whitehorsevapor
Hank,Yao,Founder and CEO,hank@nioolabs.com,,http://www.linkedin.com/in/hank-yao-3581926b,Nioo Labs,Guangdong,China,https://nioolabs.com,Nicotine,Apollo,,http://www.linkedin.com/company/nioo-labs,,
Aida,Hagen,Head of Global Marketing & CX Heated Tobacco,aida.hagen@impbrands.com,+44 117 963 6636,http://www.linkedin.com/in/aida-hagen-21700112,Imperial Brands PLC,England,United Kingdom,https://imperialbrandsplc.com,Nicotine,Apollo,,http://www.linkedin.com/company/imperial-brands-plc,http://www.facebook.com/blupeapp,http://www.twitter.com/MrBlupe
Bogdan,Pal,Marketing Specialist,bogdan.pal@impbrands.com,+44 117 963 6636,http://www.linkedin.com/in/bogdan-tudor-pal-b11b05242,Imperial Brands PLC,Cluj County,Romania,https://imperialbrandsplc.com,Nicotine,Apollo,,http://www.linkedin.com/company/imperial-brands-plc,http://www.facebook.com/blupeapp,http://www.twitter.com/MrBlupe
Sophie,Obaed,"Analyst, Marketing & Demand Analytics",sobaed@swisher.com,+1 800-843-3731,http://www.linkedin.com/in/sophie-obaed,Swisher,Florida,United States,https://swisher.com,Nicotine,Apollo,,http://www.linkedin.com/company/swishercompany,https://facebook.com/swishercompany,https://twitter.com/swishercompany
Samuel,Beauchamp,Consultant Marketing,samuel@montrealoriginal.shop,+1 514-660-4125,http://www.linkedin.com/in/samuel-beauchamp,Montreal Original Labs,Quebec,Canada,https://montrealoriginal.shop,Nicotine,Apollo,,http://www.linkedin.com/company/montreal-original-labs,,
Biak,Sang,Chief Marketing Officer,biak@europesnus.com,+45 61 72 48 37,http://www.linkedin.com/in/biak-tin-sang-795b2822a,Pouches Denmark ApS,Central Denmark Region,Denmark,https://europesnus.com,Nicotine,Apollo,,http://www.linkedin.com/company/europesnus-com,,
Solene,Bouillon,Assistante Chargée de Plan Marketing,solene_bouillon@bat.com,+44 20 7845 1000,http://www.linkedin.com/in/sol%c3%a8ne-bouillon-b487a069,BAT,Ile-de-France,France,https://bat.com,Nicotine,Apollo,,http://www.linkedin.com/company/british-american-tobacco,https://facebook.com/batcareers,https://twitter.com/batplc
Tugba,Akdas,Digital Marketing Specialist,tugba_akdas@bat.com,+44 20 7845 1000,http://www.linkedin.com/in/tu%c4%9fba-akda%c5%9f-2886365b,BAT,Hamburg,Germany,https://bat.com,Nicotine,Apollo,,http://www.linkedin.com/company/british-american-tobacco,https://facebook.com/batcareers,https://twitter.com/batplc
Burcin,Gulec,Marketing Specialist,burcin.gulec@pmi.com,+420 266 702 111,http://www.linkedin.com/in/burcin-gulec-a931a745,Philip Morris International,Izmir,Turkey,https://pmi.com,Nicotine,Apollo,,http://www.linkedin.com/company/insidepmi,https://www.facebook.com/insidePMI/,https://twitter.com/insidePMI
Alexander,Mueller,VP Brand Marketing,alexander.mueller@itgbrands.com,+1 866-328-2485,http://www.linkedin.com/in/alexander-mueller-1382938,ITG Brands,North Carolina,United States,https://itgbrands.com,Nicotine,Apollo,,http://www.linkedin.com/company/itg-brands,,
Crismer,Tiria,Head SFP Marketing & Digital,crismer.tiria@pmi.com,+420 266 702 111,http://www.linkedin.com/in/crismer-tiria-237ba830,Philip Morris International,Central Luzon,Philippines,https://pmi.com,Nicotine,Apollo,,http://www.linkedin.com/company/insidepmi,https://www.facebook.com/insidePMI/,https://twitter.com/insidePMI
Kimberly,Ross,Vice President Customer Marketing,kimberly.ross@itgbrands.com,+1 866-328-2485,http://www.linkedin.com/in/kimberly-ross-34b1908,ITG Brands,Texas,United States,https://itgbrands.com,Nicotine,Apollo,,http://www.linkedin.com/company/itg-brands,,
Anthony,Eze,Marketing,anthony_eze@bat.com,+44 20 7845 1000,http://www.linkedin.com/in/anthony-eze-8418b546,BAT,,Nigeria,https://bat.com,Nicotine,Apollo,,http://www.linkedin.com/company/british-american-tobacco,https://facebook.com/batcareers,https://twitter.com/batplc
Courtney,McElligott,Managing Owner,courtney@centralvapors.com,+1 469-828-7307,http://www.linkedin.com/in/courtney-mcelligott-b3271a52,Central Steam (中央蒸汽),Texas,United States,https://centralvapors.com,Nicotine,Apollo,,http://www.linkedin.com/company/central-vapors,https://facebook.com/CentralVapors,https://twitter.com/centralvapors
Adam,Pastyrik,CEO / Owner / Co-founder,adam@adamsvape.cz,+420 734 885 899,http://www.linkedin.com/in/adampastyrik,Adam's Vape s.r.o.,Olomouc Region,Czech Republic,https://adamsvape.cz,Nicotine,Apollo,,http://www.linkedin.com/company/adamsvape,,
Stefan,Leijon,Marketing Coordinator,leijon@habit-factory.com,,http://www.linkedin.com/in/stefanleijon,Habit Factory in Sweden,,Sweden,https://habit-factory.com,Nicotine,Apollo,,http://www.linkedin.com/company/habit-factory,,
Tolga,Sezer,Independent Board Director,tsezer@badaelcompany.com,,http://www.linkedin.com/in/tolga-sezer-496ab24,Badael Company,Dubai,United Arab Emirates,https://badaelcompany.com,Nicotine,Apollo,,http://www.linkedin.com/company/badaelco,https://www.facebook.com/badaelco,https://twitter.com/badaelco
Dominika,Birdacova,Marketing Specialist,dominika_birdacova@bat.com,+44 20 7845 1000,http://www.linkedin.com/in/dominika-birdacova,BAT,Nitra Region,Slovakia,https://bat.com,Nicotine,Apollo,,http://www.linkedin.com/company/british-american-tobacco,https://facebook.com/batcareers,https://twitter.com/batplc
David,Valerie,Chief Marketing Officer,david@liber.com.au,+61 428 184 425,http://www.linkedin.com/in/davidvalerie,Liber Pharmaceuticals,Queensland,Australia,https://liber.com.au,Nicotine,Apollo,,http://www.linkedin.com/company/liberpharmaceuticals,https://www.facebook.com/Plesk,https://twitter.com/Plesk
Cathy,Guo,Aisa-Pacific Marketing,cathy.guo@heavengifts.com,01254 949748,http://www.linkedin.com/in/cathy-guo-45b64895,Heaven Gifts,Guangdong,China,https://heavengifts.com,Nicotine,Apollo,,http://www.linkedin.com/company/heaven-gifts,https://facebook.com/heavengiftscom,https://twitter.com/HeavenGiftsCom
Ladislav,,Evapify CEO,ladislav.cuzy@evapify.com,,http://www.linkedin.com/in/ladislavcuzy,Evapify Group,,Slovakia,https://evapify.com,Nicotine,Apollo,,http://www.linkedin.com/company/evapify-group,,
Daniel,Keyhanfar,Founder,daniel@nordicpouch.com,,http://www.linkedin.com/in/daniel-keyhanfar-78012017a,Nordic Express,Vaestra Goetaland County,Sweden,https://nordicpouch.com,Nicotine,Apollo,,http://www.linkedin.com/company/nordicpouch,https://www.facebook.com/Nordicpouch/,
Elisabetta,Nardone,Head of Brand Marketing,elisabetta.nardone@uk.imptob.com,+44 117 963 6636,http://www.linkedin.com/in/elisabettanardone,Imperial Brands PLC,England,United Kingdom,https://imperialbrandsplc.com,Nicotine,Apollo,,http://www.linkedin.com/company/imperial-brands-plc,http://www.facebook.com/blupeapp,http://www.twitter.com/MrBlupe
Daniel,Ogden,Chief Marketing Officer,daniel@breathefum.com,+1 904-385-8205,http://www.linkedin.com/in/daniel-ogden-b5734085,Füm,Alberta,Canada,https://tryfum.com,Nicotine,Apollo,,http://www.linkedin.com/company/breathefum,https://facebook.com/BREATHEFUM/,
Oliver,Wright,Global Senior Marketing Director Cough & Cold,owright@kenvue.com,+1 908-874-1200,http://www.linkedin.com/in/ojwwright,Kenvue,,Switzerland,https://kenvue.com,Nicotine,Apollo,,http://www.linkedin.com/company/kenvue,https://facebook.com/Kenvue,https://twitter.com/kenvue
Carolina,White,Co-Founder,carolina@getpop.co,+1 949-333-2371,http://www.linkedin.com/in/r-carolina-white-0269469,GetPop,Florida,United States,https://getpop.co,Nicotine,Apollo,,http://www.linkedin.com/company/getpop,,
Devin,Serago,Co-Founder,devin@havahealth.com,+1 609-933-4660,http://www.linkedin.com/in/devin-serago-810205288,Hale Therapeutics,Florida,United States,https://tryhale.com,Nicotine,Apollo,,http://www.linkedin.com/company/haletherapeutics,,
Iga,Nowak,Kierownik ds. Marketingu,iga.nowak@ckcomplex.pl,+48 57 381 19 79,http://www.linkedin.com/in/iga-nowak-86577131b,CK Complex,Lubusz Voivodeship,Poland,https://ckcomplex.pl,Nicotine,Apollo,,http://www.linkedin.com/company/ck-complex-sp.-z-o.o.,,
Joe,Johnson,Marketing Automation Specialist,joe.johnson@hayppgroup.com,+46 708 15 39 83,http://www.linkedin.com/in/joe-johnson-252776141,Haypp Group,Virginia,United States,https://hayppgroup.com,Nicotine,Apollo,,http://www.linkedin.com/company/haypp-group,,https://twitter.com/HayppGroup
Nikhil,Chopra,Chief Executive Officer,nikhil.chopra@jbpharma.com,+91 22243 95200,http://www.linkedin.com/in/nikhil-chopra-4719b0145,JB,Maharashtra,India,https://jbpharma.com,Nicotine,Apollo,,http://www.linkedin.com/company/jbpharma,https://www.facebook.com/OneJBglobal,https://twitter.com/OneJBglobal
Elie,Sibony,Co-founder,elie.sibony@joshnoaco.com,,http://www.linkedin.com/in/elie-sibony-2044671a0,JoshNoa&Co,Provence-Alpes-Cote d'Azur,France,https://joshnoaco.fr,Nicotine,Apollo,,http://www.linkedin.com/company/joshnoaco,https://fr-fr.facebook.com/joshnoaco/,
David,Tran,Marketing Content Integration,david.tran@pmi.com,+420 266 702 111,http://www.linkedin.com/in/david-tran-9a24066b,Philip Morris International,Tokyo,Japan,https://pmi.com,Nicotine,Apollo,,http://www.linkedin.com/company/insidepmi,https://www.facebook.com/insidePMI/,https://twitter.com/insidePMI
Myles,Matthews,Chief Executive Officer,myles@pouchsolutions.com,,http://www.linkedin.com/in/myles-matthews-046a84177,Pouch Solutions,Dubai,United Arab Emirates,https://pouchsolutions.com,Nicotine,Apollo,,http://www.linkedin.com/company/pouch-select,,
Francisca,Mendes,Brand Marketing Specialist,francisca.mendes@pmi.com,+420 266 702 111,http://www.linkedin.com/in/francisca-mendes-5917721b8,Philip Morris International,,Portugal,https://pmi.com,Nicotine,Apollo,,http://www.linkedin.com/company/insidepmi,https://www.facebook.com/insidePMI/,https://twitter.com/insidePMI
Marlene,Boghossian,Lead Digital Marketing,marlene.boghossian@pmi.com,+420 266 702 111,http://www.linkedin.com/in/marlene-boghossian-16a6381a3,Philip Morris International,,Argentina,https://pmi.com,Nicotine,Apollo,,http://www.linkedin.com/company/insidepmi,https://www.facebook.com/insidePMI/,https://twitter.com/insidePMI
Juan,Reina,Digital Marketing Executive,juan_leal_reina@bat.com,+44 20 7845 1000,http://www.linkedin.com/in/juannicolaslealreina,BAT,Lucerne,Switzerland,https://bat.com,Nicotine,Apollo,,http://www.linkedin.com/company/british-american-tobacco,https://facebook.com/batcareers,https://twitter.com/batplc
Yann,Wilpotte,Co Founder,y.wilpotte@vapoclope.fr,+33 5 57 88 95 90,http://www.linkedin.com/in/yann-wilpotte-70215391,vapOclOpe SARL,Nouvelle-Aquitaine,France,https://vapoclope.fr,Nicotine,Apollo,,http://www.linkedin.com/company/vapoclope-sarl,https://facebook.com/vapOclOpe,https://twitter.com/vapOclOpe
Angela,Crawley,Senior Commercial Marketing Lead,acrawle3@kenvue.com,+1 908-874-1200,http://www.linkedin.com/in/angela-crawley-239bb328,Kenvue,,Ireland,https://kenvue.com,Nicotine,Apollo,,http://www.linkedin.com/company/kenvue,https://facebook.com/Kenvue,https://twitter.com/kenvue
Ilia,Khoperia,Chief Executive Officer,ilia@vaporia.ge,,http://www.linkedin.com/in/iliakhoperia,Vaporia,Tbilisi,Georgia,https://vaporia.ge,Nicotine,Apollo,,http://www.linkedin.com/company/vaporia,,
Volmir,Oliveira,Representante de Marketing,volmir.oliveira@souzacruz.com.br,+44 20 7845 1000,http://www.linkedin.com/in/volmir-oliveira-10b5a1167,BAT,State of Parana,Brazil,https://bat.com,Nicotine,Apollo,,http://www.linkedin.com/company/british-american-tobacco,https://facebook.com/batcareers,https://twitter.com/batplc
Danny,Teasdale,Marketing Executive,danny@aquavape.co.uk,+44 173 366 6441,http://www.linkedin.com/in/danny-teasdale-07a52215b,AquaVape,England,United Kingdom,https://aquavape.co.uk,Nicotine,Apollo,,http://www.linkedin.com/company/aquavape,https://www.facebook.com/AquavapeUK/,https://twitter.com/AquaVapeUK
Hussain,Shabib,Chief Executive Officer,hussain@samsvape.com,,http://www.linkedin.com/in/hussain-shabib-a1aab6315,Samsvape,Capital Governorate,Bahrain,https://samsvape.com,Nicotine,Apollo,,http://www.linkedin.com/company/samsvape,,
Tomas,Bouthemy,Head of Marketing Latam North | Cluster CMO,tbouthem@kenvue.com,+1 908-874-1200,http://www.linkedin.com/in/tom%c3%a1s-bouthemy-7543b931,Kenvue,Mexico City,Mexico,https://kenvue.com,Nicotine,Apollo,,http://www.linkedin.com/company/kenvue,https://facebook.com/Kenvue,https://twitter.com/kenvue
Ines,Aleixo,Marketing Executive,ines@ecigwizard.com,+44 345 305 2585,http://www.linkedin.com/in/ines-aleixo-marketing,Ecigwizard,,United Kingdom,https://ecigwizard.com,Nicotine,Apollo,,http://www.linkedin.com/company/electronic-cigarettes-ltd,https://facebook.com/eCigWizard,https://twitter.com/ecigwizard
Miquel,Bonastre Leiva,Founder & CEO,miquel@bomboeliquids.com,+34 937 82 22 42,http://www.linkedin.com/in/miquel-bonastre-leiva-061b17a4,Bombo eLiquids,Catalonia,Spain,https://bomboeliquids.com,Nicotine,Apollo,,http://www.linkedin.com/company/bombo-e-liquids,,
Zdenko,Kucik,Digital Marketing Senior Specialist,zdenko.kucik@pmi.com,+420 266 702 111,http://www.linkedin.com/in/zdenko-kucik-68b451186,Philip Morris International,,Slovakia,https://pmi.com,Nicotine,Apollo,,http://www.linkedin.com/company/insidepmi,https://www.facebook.com/insidePMI/,https://twitter.com/insidePMI
Viviane,Dornelles,Customer Marketing (BR),viviane_dornelles@bat.com,+44 20 7845 1000,http://www.linkedin.com/in/viviane-dornelles-22b17749,BAT,State of Rio Grande do Sul,Brazil,https://bat.com,Nicotine,Apollo,,http://www.linkedin.com/company/british-american-tobacco,https://facebook.com/batcareers,https://twitter.com/batplc
Darren,Garrod,Director | Co-Founder,darren@vape.co.uk,,http://www.linkedin.com/in/darren-garrod-867a52131,VAPE.CO.UK,England,United Kingdom,https://vape.co.uk,Nicotine,Apollo,,http://www.linkedin.com/company/vapecouk,,
Meredith,Herman,Global Head of Marketing Acceleration,mherma01@kenvue.com,+1 908-874-1200,http://www.linkedin.com/in/meredithlawrenceherman,Kenvue,New Jersey,United States,https://kenvue.com,Nicotine,Apollo,,http://www.linkedin.com/company/kenvue,https://facebook.com/Kenvue,https://twitter.com/kenvue
Mike,Cameron,"Co-Founder, Director, CEO",mike@smoko.com,+44 800 772 0234,http://www.linkedin.com/in/mikescameron,SMOKO Premium Electronic Cigarettes,England,United Kingdom,https://smoko.com,Nicotine,Apollo,,http://www.linkedin.com/company/smoko-premium-electronic-cigarettes,https://facebook.com/ilovesmoko,https://twitter.com/ilovesmoko
Sean,Greenbaum,Founder & President,sean@glas.com,+1 310-510-6232,http://www.linkedin.com/in/sean-greenbaum,Glas Inc.,California,United States,https://glas.com,Nicotine,Apollo,,http://www.linkedin.com/company/glas-inc,https://facebook.com/GlasApparel,https://twitter.com/glasapparel
Maria,Monjardin,Head of Marketing,maria.monjardin@impbrands.com,+44 117 963 6636,http://www.linkedin.com/in/mar%c3%ada-monjard%c3%adn,Imperial Brands PLC,Community of Madrid,Spain,https://imperialbrandsplc.com,Nicotine,Apollo,,http://www.linkedin.com/company/imperial-brands-plc,http://www.facebook.com/blupeapp,http://www.twitter.com/MrBlupe
David,Renteln,Co-Founder and CEO,david@lucy.co,+1 833-582-9642,http://www.linkedin.com/in/drenteln,Lucy,California,United States,https://lucy.co,Nicotine,Apollo,,http://www.linkedin.com/company/lucy-goods,https://facebook.com/lucynicotine,https://twitter.com/lucynicotine
Manu,Sibony,CEO,manu.sibony@joshnoaco.com,,http://www.linkedin.com/in/manu-sibony-323a06199,JoshNoa&Co,Provence-Alpes-Cote d'Azur,France,https://joshnoaco.fr,Nicotine,Apollo,,http://www.linkedin.com/company/joshnoaco,https://fr-fr.facebook.com/joshnoaco/,
Mahesh,Yermal,Director - Marketing,myerma01@kenvue.com,+1 908-874-1200,http://www.linkedin.com/in/maheshyermal,Kenvue,Maharashtra,India,https://kenvue.com,Nicotine,Apollo,,http://www.linkedin.com/company/kenvue,https://facebook.com/Kenvue,https://twitter.com/kenvue
Neil,Gledhill,Senior Category and Marketing Director,neil.gledhill@impbrands.com,+44 117 963 6636,http://www.linkedin.com/in/neil-gledhill,Imperial Brands PLC,England,United Kingdom,https://imperialbrandsplc.com,Nicotine,Apollo,,http://www.linkedin.com/company/imperial-brands-plc,http://www.facebook.com/blupeapp,http://www.twitter.com/MrBlupe
Aysen,Ese,Senior Marketing Specialist - Duty Free Portfolio,aysen.ese@pmi.com,+420 266 702 111,http://www.linkedin.com/in/aysenese,Philip Morris International,,Turkey,https://pmi.com,Nicotine,Apollo,,http://www.linkedin.com/company/insidepmi,https://www.facebook.com/insidePMI/,https://twitter.com/insidePMI
Daniel,Wimmer,"Director, Brand Marketing",wimmerd@rjrt.com,+1 336-741-2000,http://www.linkedin.com/in/daniel-wimmer-0a8438167,Reynolds American Inc.,North Carolina,United States,https://reynoldsamerican.com,Nicotine,Apollo,,http://www.linkedin.com/company/reynoldsamericaninc,,
Malika,Iskaliyeva,Marketing,malika.iskaliyeva@contracted.pmi.com,+420 266 702 111,http://www.linkedin.com/in/malika-iskaliyeva-5879ba248,Philip Morris International,Almaty Province,Kazakhstan,https://pmi.com,Nicotine,Apollo,,http://www.linkedin.com/company/insidepmi,https://www.facebook.com/insidePMI/,https://twitter.com/insidePMI
Alejandro,Flores,Director Smoke-Free Category & CMO (IQOS & VEEV Spain),alejandro.flores@pmi.com,+420 266 702 111,http://www.linkedin.com/in/alejandro-flores-213ab52a,Philip Morris International,Community of Madrid,Spain,https://pmi.com,Nicotine,Apollo,,http://www.linkedin.com/company/insidepmi,https://www.facebook.com/insidePMI/,https://twitter.com/insidePMI
Mario,Aguayo,Co-Founder & Head of Engineering,mario@getpop.co,+1 949-333-2371,http://www.linkedin.com/in/mar-e-o,GetPop,North Carolina,United States,https://getpop.co,Nicotine,Apollo,,http://www.linkedin.com/company/getpop,,
Habib,Kenaani,Co-Founder / Partner,hk@danishtrade.dk,+45 28 76 28 28,http://www.linkedin.com/in/habib-kenaani-b07414112,Danish Trade ApS,Capital Region of Denmark,Denmark,https://danishtrade.dk,Nicotine,Apollo,,http://www.linkedin.com/company/danish-trade,,
Natalia,Witek,Customer Marketing Executive,nwitek01@kenvue.com,+1 908-874-1200,http://www.linkedin.com/in/natalia-witek-042bb1225,Kenvue,England,United Kingdom,https://kenvue.com,Nicotine,Apollo,,http://www.linkedin.com/company/kenvue,https://facebook.com/Kenvue,https://twitter.com/kenvue
Jonathan,Green,CEO,jonathan@kingmountaintobacco.com,+1 509-874-9935,http://www.linkedin.com/in/jonathan-green-30473624,King Mountain Tobacco,Montana,United States,https://kingmountaintobacco.com,Nicotine,Apollo,,http://www.linkedin.com/company/king-mountain-tobacco,,
Jean,Moiroud,Co-fondateur et CEO,jmoiroud@thefuu.com,+33 1 85 09 74 36,http://www.linkedin.com/in/jean-moiroud-014757270,The Fuu,Ile-de-France,France,https://thefuu.com,Nicotine,Apollo,,http://www.linkedin.com/company/the-fuu,https://www.facebook.com/FuuCigarettes/,
Afif,Rus,"Vice President, Performance Marketing",afif@nastyworldwide.com,+60 6-441 8351,http://www.linkedin.com/in/afifrus,NASTY Worldwide,,Malaysia,https://nastyworldwide.com,Nicotine,Apollo,,http://www.linkedin.com/company/nasty-worldwide,,https://twitter.com/NastyWorldwide
Thomas,Vo,Chief Executive Officer,thomas@batonvapor.com,+1 410-960-0574,http://www.linkedin.com/in/thomas-vo-a6ab73135,Baton Labs,Washington,United States,https://batonvapor.com,Nicotine,Apollo,,http://www.linkedin.com/company/batonllc,,https://twitter.com/batonvapor
Lewis,Cash,Digital Marketing Executive,lewis.cash@nextgen360.com,+44 161 537 4600,http://www.linkedin.com/in/lewis-cash-a2578b98,NextGEN360,England,United Kingdom,https://nextgen360.com,Nicotine,Apollo,,http://www.linkedin.com/company/nextgen360,,
Alexandros,Markopoulos,Co Founder,al.mark@nobacco.gr,,http://www.linkedin.com/in/alexandros-markopoulos-5b7ab910b,NOBACCO,,Greece,https://nobacco.gr,Nicotine,Apollo,,http://www.linkedin.com/company/nobacco,http://www.facebook.com/nobaccogr,https://twitter.com/Nobaccogreece
Karine,Gambin,Head of Brand Marketing,karine.gambin@impbrands.com,+44 117 963 6636,http://www.linkedin.com/in/karine-gambin-48081221,Imperial Brands PLC,Ile-de-France,France,https://imperialbrandsplc.com,Nicotine,Apollo,,http://www.linkedin.com/company/imperial-brands-plc,http://www.facebook.com/blupeapp,http://www.twitter.com/MrBlupe
Angeliki,Kazantzidi,Head of Marketing Northern Europe,akazantz@kenvue.com,+1 908-874-1200,http://www.linkedin.com/in/angeliki-kazantzidi-b52b785,Kenvue,England,United Kingdom,https://kenvue.com,Nicotine,Apollo,,http://www.linkedin.com/company/kenvue,https://facebook.com/Kenvue,https://twitter.com/kenvue
Kaja,Skorkiewicz,Junior Marketing Specialist (POSM),kaja_skorkiewicz@bat.com,+44 20 7845 1000,http://www.linkedin.com/in/kaja-sk%c3%b3rkiewicz-055186258,BAT,Masovian Voivodeship,Poland,https://bat.com,Nicotine,Apollo,,http://www.linkedin.com/company/british-american-tobacco,https://facebook.com/batcareers,https://twitter.com/batplc
Ahsan,Bawa,Founder & Group CEO,ahsan.bawa@ivgeliquids.com,+44 17 7221 7000,http://www.linkedin.com/in/ahsan-bawa-29738317,IVG - I Vape Great Premium E-Liquids,England,United Kingdom,https://ivapegreat.com,Nicotine,Apollo,,http://www.linkedin.com/company/i-vg-premium-e-liquids,https://www.facebook.com/groups/949366277198205,https://twitter.com/ivgeliquids
Wilma,Tillander,Marketing,wilma@premiumpouchglobal.com,+358 40 1783361,http://www.linkedin.com/in/wilma-tillander-97b266308,Premium Pouch Global,Stockholm County,Sweden,https://premiumpouchglobal.com,Nicotine,Apollo,,http://www.linkedin.com/company/premium-pouch-global,,
Michael,Murray,Co-Founder,mmurray@whitecloudcigs.com,+1 800-491-2447,http://www.linkedin.com/in/murray1827,White Cloud Electronic Cigarettes,Florida,United States,https://whitecloudelectroniccigarettes.com,Nicotine,Apollo,,http://www.linkedin.com/company/white-cloud-electronic-cigarettes,https://facebook.com/WhiteCloudCigarettes,https://twitter.com/WCcigs
Batrisyia,Nayli,Marketing Executive,batrisyia@nastyworldwide.com,+60 6-441 8351,http://www.linkedin.com/in/batrisyia-nayli-75a792213,NASTY Worldwide,Selangor,Malaysia,https://nastyworldwide.com,Nicotine,Apollo,,http://www.linkedin.com/company/nasty-worldwide,,https://twitter.com/NastyWorldwide
Giovanna,Frateschi,Direttore del Marketing,gfratesc@kenvue.com,+1 908-874-1200,http://www.linkedin.com/in/giovanna-frateschi-52a41452,Kenvue,Lazio,Italy,https://kenvue.com,Nicotine,Apollo,,http://www.linkedin.com/company/kenvue,https://facebook.com/Kenvue,https://twitter.com/kenvue
Vince,Margida,"Global Marketing Lead, Smoking Cessation",vmargid@kenvue.com,+1 908-874-1200,http://www.linkedin.com/in/vince-margida-441b9a19,Kenvue,,Switzerland,https://kenvue.com,Nicotine,Apollo,,http://www.linkedin.com/company/kenvue,https://facebook.com/Kenvue,https://twitter.com/kenvue
Cedric,Lacouture,Chairman and CEO,ep@sogood-company.fr,+33 9 50 01 50 02,http://www.linkedin.com/in/c%c3%a9dric-lacouture-559a7a2a,So Good Eliquid,Nouvelle-Aquitaine,France,https://sogood-eliquid.fr,Nicotine,Apollo,,http://www.linkedin.com/company/so-good-eliquid,,
Stuart,Brazier,Chief Executive Officer,stuart@air.global,,http://www.linkedin.com/in/stuart-brazier-534264253,AIR (Advanced Inhalation Rituals),Dubai,United Arab Emirates,https://air.global,Nicotine,Apollo,,http://www.linkedin.com/company/air-advanced-inhalation-rituals,,
Mitch,Huguenin,Capability Executive,mitch.huguenin@pmi.com,+420 266 702 111,http://www.linkedin.com/in/mitchhuguenin,Philip Morris International,,Netherlands,https://pmi.com,Nicotine,Apollo,,http://www.linkedin.com/company/insidepmi,https://www.facebook.com/insidePMI/,https://twitter.com/insidePMI
Simone,Assante,Digital Marketing Lead,simone.assante@pmi.com,+420 266 702 111,http://www.linkedin.com/in/simone-assante-2a486320,Philip Morris International,Lazio,Italy,https://pmi.com,Nicotine,Apollo,,http://www.linkedin.com/company/insidepmi,https://www.facebook.com/insidePMI/,https://twitter.com/insidePMI
Patricia,Suarez,Marketing Portfolio Executive,patricia.suarez@pmi.com,+420 266 702 111,http://www.linkedin.com/in/psuarezarcay,Philip Morris International,Community of Madrid,Spain,https://pmi.com,Nicotine,Apollo,,http://www.linkedin.com/company/insidepmi,https://www.facebook.com/insidePMI/,https://twitter.com/insidePMI
Shannon,Marie,VP of Growth Marketing,shannon@blackbuffalo.com,+1 312-493-5954,http://www.linkedin.com/in/shannonatwell,Black Buffalo Inc.,Pennsylvania,United States,https://blackbuffalo.com,Nicotine,Apollo,,http://www.linkedin.com/company/black-buffalo-inc.,https://www.facebook.com/blackbuffaloinc,https://twitter.com/blackbuffaloinc/
Olga,Bezrukova,Marketing Specialist,olga.bezrukova@juul.com,+1 415-829-2336,http://www.linkedin.com/in/olga-bezrukova-6a48271a7,Juul Labs,California,United States,https://juullabs.com,Nicotine,Apollo,,http://www.linkedin.com/company/juul-labs,,https://twitter.com/juulvapor
Carolina,Aquilerra,CCCD Executice,carolina.aquilerra@pmi.com,+420 266 702 111,http://www.linkedin.com/in/carolina-dee-aquilerra-75873a1a2,Philip Morris International,West Java,Indonesia,https://pmi.com,Nicotine,Apollo,,http://www.linkedin.com/company/insidepmi,https://www.facebook.com/insidePMI/,https://twitter.com/insidePMI
Joanna,Osinska,Marketing & Digital Services Specialist,joanna.osinska@pmi.com,+420 266 702 111,http://www.linkedin.com/in/joanna-osi%c5%84ska-0769b4244,Philip Morris International,Masovian Voivodeship,Poland,https://pmi.com,Nicotine,Apollo,,http://www.linkedin.com/company/insidepmi,https://www.facebook.com/insidePMI/,https://twitter.com/insidePMI
Costas,Vlahos,Marketing,costas.vlahos@pmi.com,+420 266 702 111,http://www.linkedin.com/in/costas-vlahos-48606562,Philip Morris International,,Indonesia,https://pmi.com,Nicotine,Apollo,,http://www.linkedin.com/company/insidepmi,https://www.facebook.com/insidePMI/,https://twitter.com/insidePMI
Maria,Russo,Global Marketing Director at Imperial Brands,maria.russo@impbrands.com,+44 117 963 6636,http://www.linkedin.com/in/maria-russo-a48ab817,Imperial Brands PLC,England,United Kingdom,https://imperialbrandsplc.com,Nicotine,Apollo,,http://www.linkedin.com/company/imperial-brands-plc,http://www.facebook.com/blupeapp,http://www.twitter.com/MrBlupe
Waleed,Amlay,Head of Marketing | KSA,wamlay01@kenvue.com,+1 908-874-1200,http://www.linkedin.com/in/waleed-amlay,Kenvue,Dubai,United Arab Emirates,https://kenvue.com,Nicotine,Apollo,,http://www.linkedin.com/company/kenvue,https://facebook.com/Kenvue,https://twitter.com/kenvue
Oskar,Ollerup,CEO of Luna Corporate Sweden,oskar.ollerup@lunacorporate.com,+48 78 905 53 37,http://www.linkedin.com/in/oskar-ollerup-3a114012,Luna Corporate,Stockholm County,Sweden,https://lunacorporate.com,Nicotine,Apollo,,http://www.linkedin.com/company/luna-corporate,,
Nathan,Frechette-Gagnon,Chief Executive Officer,nathan@montrealoriginal.shop,+1 514-660-4125,http://www.linkedin.com/in/nathan-fg,Montreal Original Labs,Quebec,Canada,https://montrealoriginal.shop,Nicotine,Apollo,,http://www.linkedin.com/company/montreal-original-labs,,
Angela,Cruz,Director of Marketing,angela@roundseliquid.com,,http://www.linkedin.com/in/angeladlcrz,ROUNDS ELIQUID,California,United States,https://roundseliquid.com,Nicotine,Apollo,,http://www.linkedin.com/company/rounds-eliquid,,
Sarah,Collumbell,Global Head of People & Culture - Marketing,sarah.collumbell@impbrands.com,+44 117 963 6636,http://www.linkedin.com/in/sarah-collumbell-38378a89,Imperial Brands PLC,,United Kingdom,https://imperialbrandsplc.com,Nicotine,Apollo,,http://www.linkedin.com/company/imperial-brands-plc,http://www.facebook.com/blupeapp,http://www.twitter.com/MrBlupe
Atef,Hazime,Founder & CEO,atef.hazime@tiglobe.com,+1 888-732-3588,http://www.linkedin.com/in/atefhazime,Tobacco International Inc.,Delaware,United States,https://tiglobe.com,Nicotine,Apollo,,http://www.linkedin.com/company/tobacco-international-inc,https://www.facebook.com/profile.php,
Charles,Bloom,Co-Founder & Director,charles@vapeclub.co.uk,+44 192 347 9992,http://www.linkedin.com/in/charles-bloom-259668a,Vape Club Ltd,,United Kingdom,https://vapeclub.co.uk,Nicotine,Apollo,,http://www.linkedin.com/company/vapeclubuk,https://www.facebook.com/vapeclub,https://twitter.com/vapeclub
Jasmina,Masri,Marketing,jasmina_masri@bat.com,+44 20 7845 1000,http://www.linkedin.com/in/jasminamasri,BAT,,North Macedonia,https://bat.com,Nicotine,Apollo,,http://www.linkedin.com/company/british-american-tobacco,https://facebook.com/batcareers,https://twitter.com/batplc
Adem,Mataoui,Représentant Marketing Commercial,adem_mataoui@bat.com,+44 20 7845 1000,http://www.linkedin.com/in/adem-mataoui-15b506b1,BAT,Algiers Province,Algeria,https://bat.com,Nicotine,Apollo,,http://www.linkedin.com/company/british-american-tobacco,https://facebook.com/batcareers,https://twitter.com/batplc
Bengu,Tiner,AI Change Lead - Global Marketing Transformation,bengu.tiner@impbrands.com,+44 117 963 6636,http://www.linkedin.com/in/bengu-somay-tiner,Imperial Brands PLC,England,United Kingdom,https://imperialbrandsplc.com,Nicotine,Apollo,,http://www.linkedin.com/company/imperial-brands-plc,http://www.facebook.com/blupeapp,http://www.twitter.com/MrBlupe
Aastha,Gupta,Head of Global Brand Marketing - Gauloises & Fine,aastha.gupta@impbrands.com,+44 117 963 6636,http://www.linkedin.com/in/aasthag,Imperial Brands PLC,England,United Kingdom,https://imperialbrandsplc.com,Nicotine,Apollo,,http://www.linkedin.com/company/imperial-brands-plc,http://www.facebook.com/blupeapp,http://www.twitter.com/MrBlupe
Balaganesh,Kathirasan,Marketing Enterprise Architect,balaganesh_kathirasan_external@bat.com,+44 20 7845 1000,http://www.linkedin.com/in/balaganesh-kathirasan-07757318,BAT,Karnataka,India,https://bat.com,Nicotine,Apollo,,http://www.linkedin.com/company/british-american-tobacco,https://facebook.com/batcareers,https://twitter.com/batplc
Viswanath,Ramaswamy,"APAC Head, Marketing Excellence and Strategy",vramasw2@kenvue.com,+1 908-874-1200,http://www.linkedin.com/in/vishy-ramaswamy,Kenvue,,Singapore,https://kenvue.com,Nicotine,Apollo,,http://www.linkedin.com/company/kenvue,https://facebook.com/Kenvue,https://twitter.com/kenvue
Herve,Delille,Président / CEO,h.delille@cigusto.com,+33 9 72 62 19 20,http://www.linkedin.com/in/herv%c3%a9-delille-24417146,CIGUSTO,Centre-Val de Loire,France,https://cigusto.com,Nicotine,Apollo,,http://www.linkedin.com/company/cigusto,https://facebook.com/Cigusto,https://twitter.com/Cigusto
Mehvish,Zaidi,Chief Executive Officer,mehvish@zedteqlegal.com,,http://www.linkedin.com/in/mehvish-zaidi-4b1a31a7,ZedteQ Legal,England,United Kingdom,https://zedteqlegal.com,Nicotine,Apollo,,http://www.linkedin.com/company/zedteq-legal,,
Paris,Lewis,Digital Marketing Executive,paris_lewis@bat.com,+44 20 7845 1000,http://www.linkedin.com/in/paris-lewis-10b89b110,BAT,England,United Kingdom,https://bat.com,Nicotine,Apollo,,http://www.linkedin.com/company/british-american-tobacco,https://facebook.com/batcareers,https://twitter.com/batplc
Damon,Choi,Business Analyst - Marketing Technology,damon_choi@bat.com,+44 20 7845 1000,http://www.linkedin.com/in/damonchoi,BAT,New South Wales,Australia,https://bat.com,Nicotine,Apollo,,http://www.linkedin.com/company/british-american-tobacco,https://facebook.com/batcareers,https://twitter.com/batplc
Lester,Hiew,Portfolio & Product Management (Brand/Marketing),lester.hiew@pmi.com,+420 266 702 111,http://www.linkedin.com/in/lesterhth,Philip Morris International,Selangor,Malaysia,https://pmi.com,Nicotine,Apollo,,http://www.linkedin.com/company/insidepmi,https://www.facebook.com/insidePMI/,https://twitter.com/insidePMI
Urbano,Bertoldi,Marketing and Brand Engagement Coordinator,urbano.bertoldi@pmi.com,+420 266 702 111,http://www.linkedin.com/in/urbanobertoldi,Philip Morris International,Campania,Italy,https://pmi.com,Nicotine,Apollo,,http://www.linkedin.com/company/insidepmi,https://www.facebook.com/insidePMI/,https://twitter.com/insidePMI
Ella,Krasavceva,Marketing Lead Smoke-Free Products Austria,ella.krasavceva@pmi.com,+420 266 702 111,http://www.linkedin.com/in/ella-krasavceva-a769489,Philip Morris International,Vienna,Austria,https://pmi.com,Nicotine,Apollo,,http://www.linkedin.com/company/insidepmi,https://www.facebook.com/insidePMI/,https://twitter.com/insidePMI
James,Ryan,Global Head of Marketing for Zyn,james.ryan@pmi.com,+420 266 702 111,http://www.linkedin.com/in/james-ryan-288153a0,Philip Morris International,,Switzerland,https://pmi.com,Nicotine,Apollo,,http://www.linkedin.com/company/insidepmi,https://www.facebook.com/insidePMI/,https://twitter.com/insidePMI
Karina,Schlosser,Brand Marketing Executive IQOS Germany,karina.schlosser@pmi.com,+420 266 702 111,http://www.linkedin.com/in/karina-schlosser-a17a43229,Philip Morris International,Bavaria,Germany,https://pmi.com,Nicotine,Apollo,,http://www.linkedin.com/company/insidepmi,https://www.facebook.com/insidePMI/,https://twitter.com/insidePMI
Eduardo,Lozano,Vice President Customer Marketing,eduardo.lozano@itgbrands.com,+1 866-328-2485,http://www.linkedin.com/in/eduardo-lozano-5879486,ITG Brands,North Carolina,United States,https://itgbrands.com,Nicotine,Apollo,,http://www.linkedin.com/company/itg-brands,,
Michaela,Karlikova,Digital Marketing Lead,michaela.karlikova@pmi.com,+420 266 702 111,http://www.linkedin.com/in/michaela-karl%c3%adkov%c3%a1-774290106,Philip Morris International,Hlavni mesto Praha,Czech Republic,https://pmi.com,Nicotine,Apollo,,http://www.linkedin.com/company/insidepmi,https://www.facebook.com/insidePMI/,https://twitter.com/insidePMI
Minou,Nekolny,Digital Marketing Executive,minou.nekolny@pmi.com,+420 266 702 111,http://www.linkedin.com/in/minou-nekolny-603428208,Philip Morris International,Vienna,Austria,https://pmi.com,Nicotine,Apollo,,http://www.linkedin.com/company/insidepmi,https://www.facebook.com/insidePMI/,https://twitter.com/insidePMI
Valarie,Sakota,"Co-Founder, Chief Creative",valarie@barbarishop.com,+1 503-407-7404,http://www.linkedin.com/in/valariesakota,Barbari Botanical Co.,Washington,United States,https://barbarishop.com,Nicotine,Apollo,,http://www.linkedin.com/company/barbarishop,,
Nathaniel,Prince,Chief Executive Officer,nate@flowblend.com,+1 833-356-9253,http://www.linkedin.com/in/nathaniel-prince,FlowBlend®,Montana,United States,https://flowblend.com,Nicotine,Apollo,,http://www.linkedin.com/company/flowblend,https://www.facebook.com/flowblend,
Audrey,Segal,CEO & Co-Founder,audrey.segal@haschill.com,+33 1 84 60 95 45,http://www.linkedin.com/in/audrey-segal-b86269114,Haschill,Ile-de-France,France,https://haschill.com,Nicotine,Apollo,,http://www.linkedin.com/company/haschill,,
Francois,Malicet,Co-founder,francoismalicet@happesmoke.com,+33 4 42 29 36 65,http://www.linkedin.com/in/francoismalicet,Happesmoke Cigarette électronique,Provence-Alpes-Cote d'Azur,France,https://happesmoke.com,Nicotine,Apollo,,http://www.linkedin.com/company/cigarettes-lectroniques-happesmoke,,
Beck,Gee,Chief Executive Officer,beck.gee@breathelhc.org,+1 800-929-5904,http://www.linkedin.com/in/beckgeecohen,Breathe Life Healing Centers,California,United States,https://breathelifehealingcenters.com,Nicotine,Apollo,,http://www.linkedin.com/company/breathe-life-healing-centers,https://www.facebook.com/BreatheRehab/,
Niamh,Sugrue,Senior Commercial Marketing Lead (OTC - Winter Brands),nsugrue@kenvue.com,+1 908-874-1200,http://www.linkedin.com/in/niamh-sugrue-654296b7,Kenvue,,Ireland,https://kenvue.com,Nicotine,Apollo,,http://www.linkedin.com/company/kenvue,https://facebook.com/Kenvue,https://twitter.com/kenvue
Joyce,Otr/L,"Joyce Ann McGinn OTR/L, GCFP Founder/CEO",joyce@compriscare.com,+1 847-831-1454,http://www.linkedin.com/in/joyceann123,"Compris, Inc.",Illinois,United States,https://compriscare.com,Nicotine,Apollo,,http://www.linkedin.com/company/compriscare,https://www.facebook.com/compriscare,https://twitter.com/compriscare
Stavros,Stefanopoulos,CEO,stavros@ssig.com,+1 604-423-4220,http://www.linkedin.com/in/ssig,SS Investment Group,British Columbia,Canada,https://ssig.com,Nicotine,Apollo,,http://www.linkedin.com/company/ss-investment-group,,
Josefina,Ocampo,Head of Marketing,jocampo2@kenvue.com,+1 908-874-1200,http://www.linkedin.com/in/josefina-ocampo,Kenvue,,Argentina,https://kenvue.com,Nicotine,Apollo,,http://www.linkedin.com/company/kenvue,https://facebook.com/Kenvue,https://twitter.com/kenvue
Jermaine,High,"Lead, Growth & Performance Marketing",jhigh@kenvue.com,+1 908-874-1200,http://www.linkedin.com/in/jermainehigh,Kenvue,Pennsylvania,United States,https://kenvue.com,Nicotine,Apollo,,http://www.linkedin.com/company/kenvue,https://facebook.com/Kenvue,https://twitter.com/kenvue
Olivia,Warren,"Marketing, Western Europe, BAT",olivia_warren@bat.com,+44 20 7845 1000,http://www.linkedin.com/in/olivia-warren97,BAT,England,United Kingdom,https://bat.com,Nicotine,Apollo,,http://www.linkedin.com/company/british-american-tobacco,https://facebook.com/batcareers,https://twitter.com/batplc
Laura,Lisei,Marketing,laura_lisei@bat.com,+44 20 7845 1000,http://www.linkedin.com/in/laura-lisei-71269088,BAT,Lazio,Italy,https://bat.com,Nicotine,Apollo,,http://www.linkedin.com/company/british-american-tobacco,https://facebook.com/batcareers,https://twitter.com/batplc
Itzel,Aguilar,Digital Marketing BA,itzel_aguilar@bat.com,+44 20 7845 1000,http://www.linkedin.com/in/itzel-aguilar-229840137,BAT,Nuevo Leon,Mexico,https://bat.com,Nicotine,Apollo,,http://www.linkedin.com/company/british-american-tobacco,https://facebook.com/batcareers,https://twitter.com/batplc
Mecca,Thompson,Marketing Coordinator,mecca.thompson@itgbrands.com,+1 866-328-2485,http://www.linkedin.com/in/mecca-thompson-08886722,ITG Brands,North Carolina,United States,https://itgbrands.com,Nicotine,Apollo,,http://www.linkedin.com/company/itg-brands,,
Chiara,Trippini,Marketing & Communications Specialist,chiara.trippini@pmi.com,+420 266 702 111,http://www.linkedin.com/in/chiaratrippini,Philip Morris International,Vaud,Switzerland,https://pmi.com,Nicotine,Apollo,,http://www.linkedin.com/company/insidepmi,https://www.facebook.com/insidePMI/,https://twitter.com/insidePMI
Mona,Pfohlmann,Marketing Executive,mona.pfohlmann@pmi.com,+420 266 702 111,http://www.linkedin.com/in/mona-pfohlmann,Philip Morris International,Vienna,Austria,https://pmi.com,Nicotine,Apollo,,http://www.linkedin.com/company/insidepmi,https://www.facebook.com/insidePMI/,https://twitter.com/insidePMI
Alessandro,Nobili,Global Head Portfolio Strategy and Innovation - Global Marketing,alessandro.nobili@pmi.com,+420 266 702 111,http://www.linkedin.com/in/alessandro-nobili-mba-ab1b9921,Philip Morris International,Vaud,Switzerland,https://pmi.com,Nicotine,Apollo,,http://www.linkedin.com/company/insidepmi,https://www.facebook.com/insidePMI/,https://twitter.com/insidePMI
Abbas,Jaffery,VP Marketing & Strategy,abbas@smokearsenal.com,+1 437-224-0800,http://www.linkedin.com/in/abbas-jaffery,Smoke Arsenal,Ontario,Canada,https://smokearsenal.com,Nicotine,Apollo,,http://www.linkedin.com/company/smoke-arsenal,,
Tiana,Black,"Marketing Director, Energy",tblack@swisher.com,+1 800-843-3731,http://www.linkedin.com/in/tianaalmquist,Swisher,Oklahoma,United States,https://swisher.com,Nicotine,Apollo,,http://www.linkedin.com/company/swishercompany,https://facebook.com/swishercompany,https://twitter.com/swishercompany
Brendan,Wang,"Founder, President, and CEO",brendan@mycapnos.com,+1 734-707-8340,http://www.linkedin.com/in/wangbrendan,CAPNOS®,California,United States,https://mycapnos.com,Nicotine,Apollo,,http://www.linkedin.com/company/capnos,https://facebook.com/mycapnos/,https://twitter.com/mycapnos?lang=en
Richard,Lee,Chief Executive Officer,richard@liber.com.au,+61 428 184 425,http://www.linkedin.com/in/richard-lee-b515b614b,Liber Pharmaceuticals,Victoria,Australia,https://liber.com.au,Nicotine,Apollo,,http://www.linkedin.com/company/liberpharmaceuticals,https://www.facebook.com/Plesk,https://twitter.com/Plesk
Sergei,Lazouski,"CTO, Co-founder",slazouski@shopobill.com,,http://www.linkedin.com/in/sergei-lazouski,Shopobill,Dubai,United Arab Emirates,https://shopobill.com,Nicotine,Apollo,,http://www.linkedin.com/company/shopobill,,
Anthony,Amar,Principal Chief Executive Officer,anthony.amar@haschill.com,+33 1 84 60 95 45,http://www.linkedin.com/in/anthony-amar-520446202,Haschill,Ile-de-France,France,https://haschill.com,Nicotine,Apollo,,http://www.linkedin.com/company/haschill,,
Ana,Muresan,Marketing Controller Southern Europe Cluster,amuresan@kenvue.com,+1 908-874-1200,http://www.linkedin.com/in/ana-muresan-532bb5109,Kenvue,Community of Madrid,Spain,https://kenvue.com,Nicotine,Apollo,,http://www.linkedin.com/company/kenvue,https://facebook.com/Kenvue,https://twitter.com/kenvue
Singho,Wolf,Global Marketing Director Parliament & Philip Morris - Combustible Category,singho.wolf@pmi.com,+420 266 702 111,http://www.linkedin.com/in/singho-sebastian-wolf-83b690107,Philip Morris International,Bavaria,Germany,https://pmi.com,Nicotine,Apollo,,http://www.linkedin.com/company/insidepmi,https://www.facebook.com/insidePMI/,https://twitter.com/insidePMI
Kerry,Bullock,"Marketing Director, Tylenol Pain & Cough Cold",kbullock@kenvue.com,+1 908-874-1200,http://www.linkedin.com/in/kerry-bullock-52763825,Kenvue,,Canada,https://kenvue.com,Nicotine,Apollo,,http://www.linkedin.com/company/kenvue,https://facebook.com/Kenvue,https://twitter.com/kenvue
Efi,Mone,Brand Marketing Executive Western Europe,efthalia_mone@bat.com,+44 20 7845 1000,http://www.linkedin.com/in/efi-mone-407554108,BAT,,Greece,https://bat.com,Nicotine,Apollo,,http://www.linkedin.com/company/british-american-tobacco,https://facebook.com/batcareers,https://twitter.com/batplc
Amy,Laycock,Marketing Manager | Skincare & Baby Lead | Japan,alaycock@kenvue.com,+1 908-874-1200,http://www.linkedin.com/in/amy-laycock,Kenvue,Tokyo,Japan,https://kenvue.com,Nicotine,Apollo,,http://www.linkedin.com/company/kenvue,https://facebook.com/Kenvue,https://twitter.com/kenvue
Dylan,Gadreau,Chargé de Marketing Relationnel,d.gadreau@cigusto.com,+33 9 72 62 19 20,http://www.linkedin.com/in/dylan-gadreau,CIGUSTO,Centre,France,https://cigusto.com,Nicotine,Apollo,,http://www.linkedin.com/company/cigusto,https://facebook.com/Cigusto,https://twitter.com/Cigusto
Eyad,Basabrain,Director Corporate Marketing,ebasabrain@badaelcompany.com,,http://www.linkedin.com/in/eyadbasabrain,Badael Company,Riyadh Province,Saudi Arabia,https://badaelcompany.com,Nicotine,Apollo,,http://www.linkedin.com/company/badaelco,https://www.facebook.com/badaelco,https://twitter.com/badaelco
Matheus,Obregon Hartley,Head of Marketing Investment - Latam South,matheus_obregon@bat.com,+44 20 7845 1000,http://www.linkedin.com/in/matheus-obreg%c3%b3n-hartley-75215aa9,BAT,,Peru,https://bat.com,Nicotine,Apollo,,http://www.linkedin.com/company/british-american-tobacco,https://facebook.com/batcareers,https://twitter.com/batplc
Edna,Silva,Analista Sênior Admnistrativo - Marketing/Eventos,esilva01@kenvue.com,+1 908-874-1200,http://www.linkedin.com/in/edna-marcolino-da-silva,Kenvue,Lisbon,Portugal,https://kenvue.com,Nicotine,Apollo,,http://www.linkedin.com/company/kenvue,https://facebook.com/Kenvue,https://twitter.com/kenvue
Teevi,Puhm,Marketing Strategist,teevi.puhm@nicorex.ee,+372 5360 6130,http://www.linkedin.com/in/teevipuhm,Nicorex Baltic OÜ,Harju County,Estonia,https://nicorex.eu,Nicotine,Apollo,,http://www.linkedin.com/company/nicorex-o-,https://www.facebook.com/Nicorex.eu,https://twitter.com/nicorex1
Scott,Yacovino,"Senior Global Marketing Director, Listerine",syacov01@kenvue.com,+1 908-874-1200,http://www.linkedin.com/in/scott-yacovino-97941413,Kenvue,New Jersey,United States,https://kenvue.com,Nicotine,Apollo,,http://www.linkedin.com/company/kenvue,https://facebook.com/Kenvue,https://twitter.com/kenvue
Sophia,Wilsby,Co-Founder & CEO,sophia@kellywhite.com,,http://www.linkedin.com/in/sophia-wilsby-23a868236,KELLY WHITE,Stockholm County,Sweden,https://kellywhite.com,Nicotine,Apollo,,http://www.linkedin.com/company/kelly-white-nicotinepouches,,
Glenn,Racioppi,Brand & Product Marketing Leader,gracio01@kenvue.com,+1 908-874-1200,http://www.linkedin.com/in/glennracioppi,Kenvue,New Jersey,United States,https://kenvue.com,Nicotine,Apollo,,http://www.linkedin.com/company/kenvue,https://facebook.com/Kenvue,https://twitter.com/kenvue
Ryan,Ganley,"Marketing Director, Next Generation Products (ZYN)",ryan.ganley@smpmi.com,+1 202-480-1617,http://www.linkedin.com/in/ryan-ganley-6531b21a,Philip Morris International U.S.,Virginia,United States,https://uspmi.com,Nicotine,Apollo,,http://www.linkedin.com/company/pmius,,
Maria,Loring,Iberia Head of Marketing,maria_loring@bat.com,+44 20 7845 1000,http://www.linkedin.com/in/maria-loring-55622212,BAT,Community of Madrid,Spain,https://bat.com,Nicotine,Apollo,,http://www.linkedin.com/company/british-american-tobacco,https://facebook.com/batcareers,https://twitter.com/batplc
Nuria,Alcala Garcia,Marketing Materials and General Services Buyer,nuria_alcalagarcia@bat.com,+44 20 7845 1000,http://www.linkedin.com/in/nuria-alcal%c3%a1-garc%c3%ada-22936716,BAT,Community of Madrid,Spain,https://bat.com,Nicotine,Apollo,,http://www.linkedin.com/company/british-american-tobacco,https://facebook.com/batcareers,https://twitter.com/batplc
Luis,Sisco,Director Annual Marketing Cycle Plan,siscol@rjrt.com,+1 336-741-2000,http://www.linkedin.com/in/luis-sisco-7a29b099,Reynolds American Inc.,,United States,https://reynoldsamerican.com,Nicotine,Apollo,,http://www.linkedin.com/company/reynoldsamericaninc,,
Daniele,Nigido,Marketing Supervisor - Portfolio,daniele.nigido@pmi.com,+420 266 702 111,http://www.linkedin.com/in/daniele-nigido-3568b410a,Philip Morris International,,Italy,https://pmi.com,Nicotine,Apollo,,http://www.linkedin.com/company/insidepmi,https://www.facebook.com/insidePMI/,https://twitter.com/insidePMI
Drew,Morris,Senior Director - Annual Marketing Cycle Plan,morrisd3@rjrt.com,+1 336-741-2000,http://www.linkedin.com/in/drewmo5,Reynolds American Inc.,North Carolina,United States,https://reynoldsamerican.com,Nicotine,Apollo,,http://www.linkedin.com/company/reynoldsamericaninc,,
Brandon,Rodriguez,SFP Marketing Executive,brandongabriel.rodriguez@pmi.com,+420 266 702 111,http://www.linkedin.com/in/brandon-rodriguez-1481b119a,Philip Morris International,,Philippines,https://pmi.com,Nicotine,Apollo,,http://www.linkedin.com/company/insidepmi,https://www.facebook.com/insidePMI/,https://twitter.com/insidePMI
Kim,Reed,Chief Executive Officer,kim.reed@itgbrands.com,+1 866-328-2485,http://www.linkedin.com/in/kim-reed-9417a35,ITG Brands,North Carolina,United States,https://itgbrands.com,Nicotine,Apollo,,http://www.linkedin.com/company/itg-brands,,
Bogdan,Popescu,Founder,bogdan.popescu@sibiscompany.ro,+40 371 231 994,http://www.linkedin.com/in/bogdan-popescu-a71b20b9,eTutun,Brașov County,Romania,https://etutun.ro,Nicotine,Apollo,,http://www.linkedin.com/company/etutun,,
Laura,Pardo Nieto,Marketing Strategy,lpardo01@kenvue.com,+1 908-874-1200,http://www.linkedin.com/in/laura-pardo-nieto-554700a2,Kenvue,,Colombia,https://kenvue.com,Nicotine,Apollo,,http://www.linkedin.com/company/kenvue,https://facebook.com/Kenvue,https://twitter.com/kenvue
Luisa,Almeida,"Coordinator | BP Marketing, Company Lawyer",luisa_pedreira_almeida@bat.com,+44 20 7845 1000,http://www.linkedin.com/in/lu%c3%adsa-pedreira-almeida-34791618a,BAT,State of Rio de Janeiro,Brazil,https://bat.com,Nicotine,Apollo,,http://www.linkedin.com/company/british-american-tobacco,https://facebook.com/batcareers,https://twitter.com/batplc
Aaizah,Syed,Senior Director of Marketing,aaizah.syed@pmi.com,+420 266 702 111,http://www.linkedin.com/in/aaizahsyed,Philip Morris International,Ontario,Canada,https://pmi.com,Nicotine,Apollo,,http://www.linkedin.com/company/insidepmi,https://www.facebook.com/insidePMI/,https://twitter.com/insidePMI
Kimberley,Helm,"Change Management Director, CEO Office",kimberley.helm@air.global,,http://www.linkedin.com/in/kimberley-helm,AIR (Advanced Inhalation Rituals),Dubai,United Arab Emirates,https://air.global,Nicotine,Apollo,,http://www.linkedin.com/company/air-advanced-inhalation-rituals,,
Omar,Fdawi,Chief Executive Officer,omar@xtraflavors.com,+1 310-999-4756,http://www.linkedin.com/in/omarfdawi,XTRA VAPE,Dubai,United Arab Emirates,https://xtraflavors.com,Nicotine,Apollo,,http://www.linkedin.com/company/xtra-vape,,
Deicy,Rodriguez Gonzalez,Marketing Generalist,dgonza04@kenvue.com,+1 908-874-1200,http://www.linkedin.com/in/deicy-rodr%c3%adguez-gonz%c3%a1lez-a12a4518a,Kenvue,Bogota,Colombia,https://kenvue.com,Nicotine,Apollo,,http://www.linkedin.com/company/kenvue,https://facebook.com/Kenvue,https://twitter.com/kenvue
Sabrina,Salvia,Passant Marketing,sabrina_nicole_salvia@bat.com,+44 20 7845 1000,http://www.linkedin.com/in/sabrina-salvia-923734221,BAT,,Argentina,https://bat.com,Nicotine,Apollo,,http://www.linkedin.com/company/british-american-tobacco,https://facebook.com/batcareers,https://twitter.com/batplc
Sebastian,Schroth,Marketing Director,sebastian_schroth@bat.com,+44 20 7845 1000,http://www.linkedin.com/in/sebastianschroth,BAT,,Italy,https://bat.com,Nicotine,Apollo,,http://www.linkedin.com/company/british-american-tobacco,https://facebook.com/batcareers,https://twitter.com/batplc
Ana,Laura Rodriguez,Head of AME & Marketing D&A,ana_exposito@bat.com,+44 20 7845 1000,http://www.linkedin.com/in/anardzm,BAT,Jalisco,Mexico,https://bat.com,Nicotine,Apollo,,http://www.linkedin.com/company/british-american-tobacco,https://facebook.com/batcareers,https://twitter.com/batplc
Baris,Ozcan,"Director SFP Category - Chief Marketing, Digital & CX Officer UK&IR",baris.ozcan@pmi.com,+420 266 702 111,http://www.linkedin.com/in/baris-ozcan-8066b01a,Philip Morris International,Vaud,Switzerland,https://pmi.com,Nicotine,Apollo,,http://www.linkedin.com/company/insidepmi,https://www.facebook.com/insidePMI/,https://twitter.com/insidePMI
Robin,Tignor,Marketing,tignorr@rjrt.com,+1 336-741-2000,http://www.linkedin.com/in/robin-tignor-25656a2a,Reynolds American Inc.,South Carolina,United States,https://reynoldsamerican.com,Nicotine,Apollo,,http://www.linkedin.com/company/reynoldsamericaninc,,
Maria,Strelkova,Digital Marketing Performance Lead,maria.strelkova@pmi.com,+420 266 702 111,http://www.linkedin.com/in/maria-strelkova,Philip Morris International,,United Kingdom,https://pmi.com,Nicotine,Apollo,,http://www.linkedin.com/company/insidepmi,https://www.facebook.com/insidePMI/,https://twitter.com/insidePMI
Matt,Canepa,Co-Founder,matt@getgrinds.com,+1 510-763-1088,http://www.linkedin.com/in/matt-canepa-ab36ba1a,Grinds Pouches,California,United States,https://getgrinds.com,Nicotine,Apollo,,http://www.linkedin.com/company/grinds-coffee-pouches,https://www.facebook.com/getGRINDS/,http://twitter.com/#!/getgrinds
Sachi,Kapoor,Marketing and Projects Coordinator,sachi.kapoor@theecig.co.uk,,http://www.linkedin.com/in/sachikapoor-marketing,The E-Cig Store,England,United Kingdom,https://theecig.co.uk,Nicotine,Apollo,,http://www.linkedin.com/company/the-e-cig-store,,
Ecblend,Marketing,Marketing,emarketing@ecblendflavors.com,+1 541-393-9840,http://www.linkedin.com/in/ecblend-marketing-707639139,ECBlend,Oregon,United States,https://ecblendflavors.com,Nicotine,Apollo,,http://www.linkedin.com/company/ecblend,,
Julia,Raupp,Marketing,julia.raupp@pmi.com,+420 266 702 111,http://www.linkedin.com/in/juliaraupp,Philip Morris International,State of Sao Paulo,Brazil,https://pmi.com,Nicotine,Apollo,,http://www.linkedin.com/company/insidepmi,https://www.facebook.com/insidePMI/,https://twitter.com/insidePMI
Jonathan,Eccles,Marketing Co-ordinator,jonathan.eccles@totallywicked.co.uk,+44 1254 692244,http://www.linkedin.com/in/jonathan-eccles-4a924b10b,Totally Wicked,England,United Kingdom,https://totallywicked-eliquid.co.uk,Nicotine,Apollo,,http://www.linkedin.com/company/totally-wicked,https://www.facebook.com/groups/totallywickeduk,https://twitter.com/TotallyWickedUK
Dhwani,Mankad,Co-Founder,dhwani@smoothmix.co,,http://www.linkedin.com/in/dhwani-mankad-444498101,Smoothmix,Gujarat,India,https://smoothmix.co,Nicotine,Apollo,,http://www.linkedin.com/company/smoothmixco,,
Elaine,Thompson,Director of Marketing,elaine@getpop.co,+1 949-333-2371,http://www.linkedin.com/in/elaine-thompson-b91842a1,GetPop,North Carolina,United States,https://getpop.co,Nicotine,Apollo,,http://www.linkedin.com/company/getpop,,
Louise,Ottosson,Marketing Strategy,louise.ottosson@impbrands.com,+44 117 963 6636,http://www.linkedin.com/in/louiseottosson,Imperial Brands PLC,Stockholm County,Sweden,https://imperialbrandsplc.com,Nicotine,Apollo,,http://www.linkedin.com/company/imperial-brands-plc,http://www.facebook.com/blupeapp,http://www.twitter.com/MrBlupe
Isabelle,Pasini,Fondatrice et CEO,isabelle.pasini@sweetch.ch,,http://www.linkedin.com/in/isabelle-pasini-60643992,Sweetch,Vaud,Switzerland,https://sweetch.ch,Nicotine,Apollo,,http://www.linkedin.com/company/sweetchforecigarettes,https://www.facebook.com/Sweetch.ch/,
Burcu,Solak,Head of Marketing,bkosar@kenvue.com,+1 908-874-1200,http://www.linkedin.com/in/burcu-solak-8b701324,Kenvue,,Spain,https://kenvue.com,Nicotine,Apollo,,http://www.linkedin.com/company/kenvue,https://facebook.com/Kenvue,https://twitter.com/kenvue
Diane,Sirelpuu,Chief Executive Officer,diane.sirelpuu@nicorex.ee,+372 5360 6130,http://www.linkedin.com/in/diane-sirelpuu,Nicorex Baltic OÜ,,Estonia,https://nicorex.eu,Nicotine,Apollo,,http://www.linkedin.com/company/nicorex-o-,https://www.facebook.com/Nicorex.eu,https://twitter.com/nicorex1
Jeremy,Remo,Founding Director,jeremy@comptoirdesvapes.fr,+33 4 58 10 03 31,http://www.linkedin.com/in/jeremy-remo-5b4a78219,Comptoir des Vapes,Auvergne-Rhone-Alpes,France,https://comptoirdesvapes.fr,Nicotine,Apollo,,http://www.linkedin.com/company/comptoir-des-vapes,https://www.facebook.com/comptoirdesvapes,https://twitter.com/comptoirdvapes
Daniele,Cavalcanti,Sr. Marketing Director Latin America North to South,dcavalca@kenvue.com,+1 908-874-1200,http://www.linkedin.com/in/daniele-cavalcanti-6242a823,Kenvue,Mexico City,Mexico,https://kenvue.com,Nicotine,Apollo,,http://www.linkedin.com/company/kenvue,https://facebook.com/Kenvue,https://twitter.com/kenvue
Reem,Bahnassy,Marketing Director| Category Growth,reem.bahnassy@pmi.com,+420 266 702 111,http://www.linkedin.com/in/reem-bahnassy-aa026783,Philip Morris International,,Switzerland,https://pmi.com,Nicotine,Apollo,,http://www.linkedin.com/company/insidepmi,https://www.facebook.com/insidePMI/,https://twitter.com/insidePMI
Jan,Valek,"Founder, CEO",jan.valek@vaprio.cz,+420 377 433 166,http://www.linkedin.com/in/jan-v%c3%a1lek-23a44576,"Vaprio.cz, s.r.o.",Plzen Region,Czechia,https://vaprio.cz,Nicotine,Apollo,,http://www.linkedin.com/company/va%c5%a1ecigareta.cz-s.r.o.,,
Cristina,P,Director CEO Office • Global Strategy,c.planelles@air.global,,http://www.linkedin.com/in/cplanelles,AIR (Advanced Inhalation Rituals),Dubai,United Arab Emirates,https://air.global,Nicotine,Apollo,,http://www.linkedin.com/company/air-advanced-inhalation-rituals,,
Aleksandra,Trifunovic,Digital Marketing Executive,aleksandra_trifunovic@bat.com,+44 20 7845 1000,http://www.linkedin.com/in/aleksandra-trifunovic995,BAT,,Serbia,https://bat.com,Nicotine,Apollo,,http://www.linkedin.com/company/british-american-tobacco,https://facebook.com/batcareers,https://twitter.com/batplc
Florian,Walz,Co-Founder,florian.walz@snushero.ch,+41 77 488 37 92,http://www.linkedin.com/in/florian-walz-b17831187,snushero GmbH,Canton of Schaffhausen,Switzerland,https://snushero.ch,Nicotine,Apollo,,http://www.linkedin.com/company/snushero-gmbh,https://www.facebook.com/snushero.ch,
Caleb,Dornay,Marketing Associate,caleb@nicnac.com,+1 509-216-8337,http://www.linkedin.com/in/caleb-dornay-266910209,NIC NAC,Washington,United States,https://nicnac.com,Nicotine,Apollo,,http://www.linkedin.com/company/nic-nac-nicotine-perfected,https://www.facebook.com/nicnacusa,
Supriya,Srinivasa,Marketing Director - Feminine Care,ssrini02@kenvue.com,+1 908-874-1200,http://www.linkedin.com/in/supriyasrinivasa,Kenvue,Maharashtra,India,https://kenvue.com,Nicotine,Apollo,,http://www.linkedin.com/company/kenvue,https://facebook.com/Kenvue,https://twitter.com/kenvue
Julio,Miles,VP of Marketing,julio@lucy.co,+1 833-582-9642,http://www.linkedin.com/in/julio-miles-29b4147,Lucy,California,United States,https://lucy.co,Nicotine,Apollo,,http://www.linkedin.com/company/lucy-goods,https://facebook.com/lucynicotine,https://twitter.com/lucynicotine
Agostina,Arrigo,Marketing Project Lead,agostina.arrigo@pmi.com,+420 266 702 111,http://www.linkedin.com/in/agostina-arrigo-75432547,Philip Morris International,,Argentina,https://pmi.com,Nicotine,Apollo,,http://www.linkedin.com/company/insidepmi,https://www.facebook.com/insidePMI/,https://twitter.com/insidePMI
Matthew,Benford,Director Marketing Porfolio,benform@rjrt.com,+1 336-741-2000,http://www.linkedin.com/in/matthew-w-benford-7061ba32,Reynolds American Inc.,North Carolina,United States,https://reynoldsamerican.com,Nicotine,Apollo,,http://www.linkedin.com/company/reynoldsamericaninc,,
Francisco,Correa Urquiza,Director de Marketing LA & C Region,francisco.correaurquiza@pmi.com,+420 266 702 111,http://www.linkedin.com/in/francisco-correa-urquiza-90553411,Philip Morris International,Autonomous City of Buenos Aires,Argentina,https://pmi.com,Nicotine,Apollo,,http://www.linkedin.com/company/insidepmi,https://www.facebook.com/insidePMI/,https://twitter.com/insidePMI
Barbora,Sebova,Marketing Executive,barbora.sebova@pmi.com,+420 266 702 111,http://www.linkedin.com/in/barbora-%c5%a1ebov%c3%a1-0a0699118,Philip Morris International,,Czechia,https://pmi.com,Nicotine,Apollo,,http://www.linkedin.com/company/insidepmi,https://www.facebook.com/insidePMI/,https://twitter.com/insidePMI
Drew,Lyons,Director - Marketing Materials Management,lyonsd@rjrt.com,+1 336-741-2000,http://www.linkedin.com/in/drew-lyons-68b22824,Reynolds American Inc.,North Carolina,United States,https://reynoldsamerican.com,Nicotine,Apollo,,http://www.linkedin.com/company/reynoldsamericaninc,,
Gulnur,Bekturgan,Senior Marketing Specialist,gulnur.bekturgan@pmi.com,+420 266 702 111,http://www.linkedin.com/in/gulnur-bekturgan-062a0312b,Philip Morris International,,Turkey,https://pmi.com,Nicotine,Apollo,,http://www.linkedin.com/company/insidepmi,https://www.facebook.com/insidePMI/,https://twitter.com/insidePMI
Kristin,Parslow,Product Marketing Director,kristin.li@juul.com,+1 415-829-2336,http://www.linkedin.com/in/kristin-li-parslow-9989143a,Juul Labs,California,United States,https://juullabs.com,Nicotine,Apollo,,http://www.linkedin.com/company/juul-labs,,https://twitter.com/juulvapor
Lorena,Mate,CEO,lorena@vapvip.com,+34 947 02 22 31,http://www.linkedin.com/in/lorena-mat%c3%a9-03429b192,VapVip Europe S.L.,Castile and Leon,Spain,https://vapvip.com,Nicotine,Apollo,,http://www.linkedin.com/company/vapvip,,
Devon,McPherson,Chief Executive Officer,devon@trymeloair.com,,http://www.linkedin.com/in/devonmcpherson5,MELO Labs Inc,California,United States,https://trymeloair.com,Nicotine,Apollo,,http://www.linkedin.com/company/melo-labs-inc,,
Fika,Yolanda,Head of Marketing,fyolanda@kenvue.com,+1 908-874-1200,http://www.linkedin.com/in/fika-yolanda,Kenvue,Special Capital Region of Jakarta,Indonesia,https://kenvue.com,Nicotine,Apollo,,http://www.linkedin.com/company/kenvue,https://facebook.com/Kenvue,https://twitter.com/kenvue
Lucas,Cruz,Marketing Campaign Coordinator,lucas_alves_da_cruz@bat.com,+44 20 7845 1000,http://www.linkedin.com/in/lucascruzx,BAT,State of Sao Paulo,Brazil,https://bat.com,Nicotine,Apollo,,http://www.linkedin.com/company/british-american-tobacco,https://facebook.com/batcareers,https://twitter.com/batplc
Hoo,Kim,Vice President Marketing,hooyeun.kim@pmi.com,+420 266 702 111,http://www.linkedin.com/in/hoo-yeun-liz-kim-57242210,Philip Morris International,Vaud,Switzerland,https://pmi.com,Nicotine,Apollo,,http://www.linkedin.com/company/insidepmi,https://www.facebook.com/insidePMI/,https://twitter.com/insidePMI
Marlen,Nazarov,Chief Executive Officer,m.nazarov@flonq.co.uk,,http://www.linkedin.com/in/marlen-nazarov-84594523b,Alfabet Labs,Dubai,United Arab Emirates,https://flonq.global,Nicotine,Apollo,,http://www.linkedin.com/company/alfabet-labs,,
Sarah,Kapeli,ANZ Marketing Director,sarahk@vapemerchant.nz,,http://www.linkedin.com/in/sarahkapeli,Vape Merchant,,New Zealand,https://vapemerchant.nz,Nicotine,Apollo,,http://www.linkedin.com/company/vape-merchant,https://www.facebook.com/vapemerchantnz/,
Giovanni,Tuesta,Grundare & Delägare,giovanni@snuzia.com,+34 657 60 18 14,http://www.linkedin.com/in/giovanni-tuesta-5b6620167,Snuzia,Vaestra Goetaland County,Sweden,https://snuzia.com,Nicotine,Apollo,,http://www.linkedin.com/company/snuzia,https://www.facebook.com/SnuziaSpain,
Raphaela,Bueno,Sr Marketing Analyst | Johnson's Baby,rbueno10@kenvue.com,+1 908-874-1200,http://www.linkedin.com/in/raphaela-bueno,Kenvue,Sao Paulo,Brazil,https://kenvue.com,Nicotine,Apollo,,http://www.linkedin.com/company/kenvue,https://facebook.com/Kenvue,https://twitter.com/kenvue
Bram,Quix,Head of Marketing | Africa & IO,bram.quix@impbrands.com,+44 117 963 6636,http://www.linkedin.com/in/bram-quix-02416849,Imperial Brands PLC,Dubai,United Arab Emirates,https://imperialbrandsplc.com,Nicotine,Apollo,,http://www.linkedin.com/company/imperial-brands-plc,http://www.facebook.com/blupeapp,http://www.twitter.com/MrBlupe
Daniel,Kilger,CEO,daniel@smokeless.world,,http://www.linkedin.com/in/danielkilger,Smokeless,Bavaria,Germany,https://smokeless.world,Nicotine,Apollo,,http://www.linkedin.com/company/smokelessworld,,
Armani,Vashi,Founder,armani@zeltu.com,+44 77 1556 6995,http://www.linkedin.com/in/armani-vashi-1799a966,Zeltu,England,United Kingdom,https://zeltu.com,Nicotine,Apollo,,http://www.linkedin.com/company/zeltu,https://www.facebook.com/ZeltuOfficial,
Fredrik,Melin,Founder,fredrik@trueclays.com,+46 10 139 30 00,http://www.linkedin.com/in/fredrik-melin-76b36483,Swedish Match,Stockholm County,Sweden,https://swedishmatch.com,Nicotine,Apollo,,http://www.linkedin.com/company/swedish-match,https://facebook.com/snus.swedishmatch/,https://twitter.com/Swedish_Match
Parth,Patel,Digital Marketing,parth.patel@rbhinc.ca,+1 416-449-5525,http://www.linkedin.com/in/parth-patel-754618b9,"Rothmans, Benson & Hedges Inc.",Ontario,Canada,https://rbhinc.ca,Nicotine,Apollo,,http://www.linkedin.com/company/rothmans-benson-hedges-inc,https://www.facebook.com/RothmansBensonHedges/,https://twitter.com/RBHinc
Marco,Pavoncello,Stagista Marketing Digitale,marco.pavoncello@contracted.pmi.com,+420 266 702 111,http://www.linkedin.com/in/marco-pavoncello-396074254,Philip Morris International,England,United Kingdom,https://pmi.com,Nicotine,Apollo,,http://www.linkedin.com/company/insidepmi,https://www.facebook.com/insidePMI/,https://twitter.com/insidePMI
Rafael,Candido,Head of Marketing Technology & Digital Transformation,rafael.candido@bat.com,+44 20 7845 1000,http://www.linkedin.com/in/rafael-candido-650136196,BAT,State of Rio de Janeiro,Brazil,https://bat.com,Nicotine,Apollo,,http://www.linkedin.com/company/british-american-tobacco,https://facebook.com/batcareers,https://twitter.com/batplc
